날짜,BPU,카테고리,브랜드,회원구분,트래픽
2025-01-01,e-영업1,전체,전체,전체,2806
2025-01-02,e-영업1,전체,전체,전체,2618
2025-01-03,e-영업1,전체,전체,전체,2654
2025-01-04,e-영업1,전체,전체,전체,3131
2025-01-05,e-영업1,전체,전체,전체,2901
2025-01-06,e-영업1,전체,전체,전체,2838
2025-01-07,e-영업1,전체,전체,전체,2942
2025-01-08,e-영업1,전체,전체,전체,2855
2025-01-09,e-영업1,전체,전체,전체,2499
2025-01-10,e-영업1,전체,전체,전체,2301
2025-01-11,e-영업1,전체,전체,전체,2562
2025-01-12,e-영업1,전체,전체,전체,2685
2025-01-13,e-영업1,전체,전체,전체,2603
2025-01-14,e-영업1,전체,전체,전체,2883
2025-01-15,e-영업1,전체,전체,전체,2928
2025-01-16,e-영업1,전체,전체,전체,2615
2025-01-17,e-영업1,전체,전체,전체,2515
2025-01-18,e-영업1,전체,전체,전체,2655
2025-01-19,e-영업1,전체,전체,전체,2793
2025-01-20,e-영업1,전체,전체,전체,2617
2025-01-21,e-영업1,전체,전체,전체,2486
2025-01-22,e-영업1,전체,전체,전체,2625
2025-01-23,e-영업1,전체,전체,전체,2397
2025-01-24,e-영업1,전체,전체,전체,2079
2025-01-25,e-영업1,전체,전체,전체,2057
2025-01-26,e-영업1,전체,전체,전체,2194
2025-01-27,e-영업1,전체,전체,전체,2181
2025-01-28,e-영업1,전체,전체,전체,2029
2025-01-29,e-영업1,전체,전체,전체,2164
2025-01-30,e-영업1,전체,전체,전체,2381
2025-01-31,e-영업1,전체,전체,전체,2438
2025-02-01,e-영업1,전체,전체,전체,2622
2025-02-02,e-영업1,전체,전체,전체,2801
2025-02-03,e-영업1,전체,전체,전체,2441
2025-02-04,e-영업1,전체,전체,전체,2420
2025-02-05,e-영업1,전체,전체,전체,2633
2025-02-06,e-영업1,전체,전체,전체,2306
2025-02-07,e-영업1,전체,전체,전체,2263
2025-02-08,e-영업1,전체,전체,전체,2488
2025-02-09,e-영업1,전체,전체,전체,2833
2025-02-10,e-영업1,전체,전체,전체,2600
2025-02-11,e-영업1,전체,전체,전체,2483
2025-02-12,e-영업1,전체,전체,전체,2371
2025-02-13,e-영업1,전체,전체,전체,2254
2025-02-14,e-영업1,전체,전체,전체,2240
2025-02-15,e-영업1,전체,전체,전체,2451
2025-02-16,e-영업1,전체,전체,전체,2716
2025-02-17,e-영업1,전체,전체,전체,2573
2025-02-18,e-영업1,전체,전체,전체,2584
2025-02-19,e-영업1,전체,전체,전체,2432
2025-02-20,e-영업1,전체,전체,전체,2349
2025-02-21,e-영업1,전체,전체,전체,2356
2025-02-22,e-영업1,전체,전체,전체,2625
2025-02-23,e-영업1,전체,전체,전체,2852
2025-02-24,e-영업1,전체,전체,전체,2650
2025-02-25,e-영업1,전체,전체,전체,2343
2025-02-26,e-영업1,전체,전체,전체,2564
2025-02-27,e-영업1,전체,전체,전체,2179
2025-02-28,e-영업1,전체,전체,전체,2435
2025-03-01,e-영업1,전체,전체,전체,2520
2025-03-02,e-영업1,전체,전체,전체,2636
2025-03-03,e-영업1,전체,전체,전체,2530
2025-03-04,e-영업1,전체,전체,전체,2299
2025-03-05,e-영업1,전체,전체,전체,2312
2025-03-06,e-영업1,전체,전체,전체,2298
2025-03-07,e-영업1,전체,전체,전체,2194
2025-03-08,e-영업1,전체,전체,전체,2183
2025-03-09,e-영업1,전체,전체,전체,2573
2025-03-10,e-영업1,전체,전체,전체,2315
2025-03-11,e-영업1,전체,전체,전체,2193
2025-03-12,e-영업1,전체,전체,전체,2037
2025-03-13,e-영업1,전체,전체,전체,2123
2025-03-14,e-영업1,전체,전체,전체,1923
2025-03-15,e-영업1,전체,전체,전체,2079
2025-03-16,e-영업1,전체,전체,전체,2460
2025-03-17,e-영업1,전체,전체,전체,2019
2025-03-18,e-영업1,전체,전체,전체,2060
2025-03-19,e-영업1,전체,전체,전체,2016
2025-03-20,e-영업1,전체,전체,전체,1967
2025-03-21,e-영업1,전체,전체,전체,1932
2025-03-22,e-영업1,전체,전체,전체,2034
2025-03-23,e-영업1,전체,전체,전체,2344
2025-03-24,e-영업1,전체,전체,전체,2035
2025-03-25,e-영업1,전체,전체,전체,2121
2025-03-26,e-영업1,전체,전체,전체,1978
2025-03-27,e-영업1,전체,전체,전체,1931
2025-03-28,e-영업1,전체,전체,전체,1947
2025-03-29,e-영업1,전체,전체,전체,1833
2025-03-30,e-영업1,전체,전체,전체,2074
2025-03-31,e-영업1,전체,전체,전체,1916
2025-04-01,e-영업1,전체,전체,전체,1909
2025-04-02,e-영업1,전체,전체,전체,1890
2025-04-03,e-영업1,전체,전체,전체,2135
2025-04-04,e-영업1,전체,전체,전체,1991
2025-04-05,e-영업1,전체,전체,전체,2311
2025-04-06,e-영업1,전체,전체,전체,2459
2025-04-07,e-영업1,전체,전체,전체,2152
2025-04-08,e-영업1,전체,전체,전체,2377
2025-04-09,e-영업1,전체,전체,전체,2522
2025-04-10,e-영업1,전체,전체,전체,2070
2025-04-11,e-영업1,전체,전체,전체,1988
2025-04-12,e-영업1,전체,전체,전체,2206
2025-04-13,e-영업1,전체,전체,전체,2542
2025-04-14,e-영업1,전체,전체,전체,2187
2025-04-15,e-영업1,전체,전체,전체,2179
2025-04-16,e-영업1,전체,전체,전체,2149
2025-04-17,e-영업1,전체,전체,전체,2117
2025-04-18,e-영업1,전체,전체,전체,2016
2025-04-19,e-영업1,전체,전체,전체,2249
2025-04-20,e-영업1,전체,전체,전체,2527
2025-04-21,e-영업1,전체,전체,전체,2424
2025-04-22,e-영업1,전체,전체,전체,2416
2025-04-23,e-영업1,전체,전체,전체,2529
2025-04-24,e-영업1,전체,전체,전체,2415
2025-04-25,e-영업1,전체,전체,전체,2015
2025-04-26,e-영업1,전체,전체,전체,2014
2025-04-27,e-영업1,전체,전체,전체,2588
2025-04-28,e-영업1,전체,전체,전체,2340
2025-04-29,e-영업1,전체,전체,전체,2352
2025-04-30,e-영업1,전체,전체,전체,2245
2025-05-01,e-영업1,전체,전체,전체,2485
2025-05-02,e-영업1,전체,전체,전체,1975
2025-05-03,e-영업1,전체,전체,전체,1977
2025-05-04,e-영업1,전체,전체,전체,1974
2025-05-05,e-영업1,전체,전체,전체,2212
2025-05-06,e-영업1,전체,전체,전체,2490
2025-05-07,e-영업1,전체,전체,전체,2261
2025-05-08,e-영업1,전체,전체,전체,2472
2025-05-09,e-영업1,전체,전체,전체,2346
2025-05-10,e-영업1,전체,전체,전체,2647
2025-05-11,e-영업1,전체,전체,전체,3674
2025-05-12,e-영업1,전체,전체,전체,3549
2025-05-13,e-영업1,전체,전체,전체,3127
2025-05-14,e-영업1,전체,전체,전체,2820
2025-05-15,e-영업1,전체,전체,전체,2462
2025-05-16,e-영업1,전체,전체,전체,2302
2025-05-17,e-영업1,전체,전체,전체,2160
2025-05-18,e-영업1,전체,전체,전체,2349
2025-05-19,e-영업1,전체,전체,전체,2115
2025-05-20,e-영업1,전체,전체,전체,2125
2025-05-21,e-영업1,전체,전체,전체,2263
2025-05-22,e-영업1,전체,전체,전체,2086
2025-05-23,e-영업1,전체,전체,전체,1868
2025-05-24,e-영업1,전체,전체,전체,1979
2025-05-25,e-영업1,전체,전체,전체,2200
2025-05-26,e-영업1,전체,전체,전체,2179
2025-05-27,e-영업1,전체,전체,전체,2148
2025-05-28,e-영업1,전체,전체,전체,2131
2025-05-29,e-영업1,전체,전체,전체,2456
2025-05-30,e-영업1,전체,전체,전체,2339
2025-05-31,e-영업1,전체,전체,전체,1993
2025-06-01,e-영업1,전체,전체,전체,2412
2025-06-02,e-영업1,전체,전체,전체,2048
2025-06-03,e-영업1,전체,전체,전체,2790
2025-06-04,e-영업1,전체,전체,전체,3062
2025-06-05,e-영업1,전체,전체,전체,2304
2025-06-06,e-영업1,전체,전체,전체,2251
2025-06-07,e-영업1,전체,전체,전체,2483
2025-06-08,e-영업1,전체,전체,전체,2667
2025-06-09,e-영업1,전체,전체,전체,2379
2025-06-10,e-영업1,전체,전체,전체,2365
2025-06-11,e-영업1,전체,전체,전체,2572
2025-06-12,e-영업1,전체,전체,전체,2312
2025-06-13,e-영업1,전체,전체,전체,2408
2025-06-14,e-영업1,전체,전체,전체,2429
2025-06-15,e-영업1,전체,전체,전체,2789
2025-06-16,e-영업1,전체,전체,전체,2861
2025-06-17,e-영업1,전체,전체,전체,3101
2025-06-18,e-영업1,전체,전체,전체,3086
2025-06-19,e-영업1,전체,전체,전체,2805
2025-06-20,e-영업1,전체,전체,전체,2669
2025-06-21,e-영업1,전체,전체,전체,3007
2025-06-22,e-영업1,전체,전체,전체,4017
2025-06-23,e-영업1,전체,전체,전체,2987
2025-06-24,e-영업1,전체,전체,전체,2749
2025-06-25,e-영업1,전체,전체,전체,2538
2025-06-26,e-영업1,전체,전체,전체,2323
2025-06-27,e-영업1,전체,전체,전체,2271
2025-06-28,e-영업1,전체,전체,전체,2702
2025-06-29,e-영업1,전체,전체,전체,2917
2025-06-30,e-영업1,전체,전체,전체,2401
2025-07-01,e-영업1,전체,전체,전체,2460
2025-07-02,e-영업1,전체,전체,전체,2387
2025-07-03,e-영업1,전체,전체,전체,2277
2025-07-04,e-영업1,전체,전체,전체,2176
2025-07-05,e-영업1,전체,전체,전체,2654
2025-07-06,e-영업1,전체,전체,전체,2779
2025-07-07,e-영업1,전체,전체,전체,2580
2025-07-08,e-영업1,전체,전체,전체,2814
2025-07-09,e-영업1,전체,전체,전체,2868
2025-07-10,e-영업1,전체,전체,전체,2638
2025-07-11,e-영업1,전체,전체,전체,2501
2025-07-12,e-영업1,전체,전체,전체,2876
2025-07-13,e-영업1,전체,전체,전체,3071
2025-07-14,e-영업1,전체,전체,전체,2476
2025-07-15,e-영업1,전체,전체,전체,2431
2025-07-16,e-영업1,전체,전체,전체,2666
2025-07-17,e-영업1,전체,전체,전체,2460
2025-07-18,e-영업1,전체,전체,전체,2327
2025-07-19,e-영업1,전체,전체,전체,2230
2025-07-20,e-영업1,전체,전체,전체,2784
2025-07-21,e-영업1,전체,전체,전체,2531
2025-07-22,e-영업1,전체,전체,전체,2538
2025-07-23,e-영업1,전체,전체,전체,2699
2025-07-24,e-영업1,전체,전체,전체,2398
2025-07-25,e-영업1,전체,전체,전체,2257
2025-07-26,e-영업1,전체,전체,전체,2361
2025-07-27,e-영업1,전체,전체,전체,2687
2025-07-28,e-영업1,전체,전체,전체,2569
2025-07-29,e-영업1,전체,전체,전체,2484
2025-07-30,e-영업1,전체,전체,전체,2424
2025-07-31,e-영업1,전체,전체,전체,2353
2025-08-01,e-영업1,전체,전체,전체,2476
2025-08-02,e-영업1,전체,전체,전체,2622
2025-08-03,e-영업1,전체,전체,전체,3173
2025-08-04,e-영업1,전체,전체,전체,2543
2025-08-05,e-영업1,전체,전체,전체,2860
2025-08-06,e-영업1,전체,전체,전체,2829
2025-08-07,e-영업1,전체,전체,전체,2601
2025-08-08,e-영업1,전체,전체,전체,2370
2025-08-09,e-영업1,전체,전체,전체,2046
2025-08-10,e-영업1,전체,전체,전체,2286
2025-08-11,e-영업1,전체,전체,전체,2111
2025-08-12,e-영업1,전체,전체,전체,2053
2025-08-13,e-영업1,전체,전체,전체,2504
2025-08-14,e-영업1,전체,전체,전체,2099
2025-08-15,e-영업1,전체,전체,전체,2117
2025-08-16,e-영업1,전체,전체,전체,2277
2025-08-17,e-영업1,전체,전체,전체,2468
2025-08-18,e-영업1,전체,전체,전체,2345
2025-08-19,e-영업1,전체,전체,전체,2553
2025-08-20,e-영업1,전체,전체,전체,2186
2025-08-21,e-영업1,전체,전체,전체,2245
2025-08-22,e-영업1,전체,전체,전체,1927
2025-08-23,e-영업1,전체,전체,전체,2159
2025-08-24,e-영업1,전체,전체,전체,2317
2025-08-25,e-영업1,전체,전체,전체,2273
2025-08-26,e-영업1,전체,전체,전체,2317
2025-08-27,e-영업1,전체,전체,전체,2347
2025-08-28,e-영업1,전체,전체,전체,2202
2025-08-29,e-영업1,전체,전체,전체,2157
2025-08-30,e-영업1,전체,전체,전체,2317
2025-08-31,e-영업1,전체,전체,전체,2188
2025-09-01,e-영업1,전체,전체,전체,2189
2025-09-02,e-영업1,전체,전체,전체,2035
2025-09-03,e-영업1,전체,전체,전체,1948
2025-09-04,e-영업1,전체,전체,전체,1950
2025-09-05,e-영업1,전체,전체,전체,1763
2025-09-06,e-영업1,전체,전체,전체,1779
2025-09-07,e-영업1,전체,전체,전체,1919
2025-09-08,e-영업1,전체,전체,전체,1791
2025-09-09,e-영업1,전체,전체,전체,1873
2025-09-10,e-영업1,전체,전체,전체,1631
2025-09-11,e-영업1,전체,전체,전체,1608
2025-09-12,e-영업1,전체,전체,전체,1379
2025-09-13,e-영업1,전체,전체,전체,1631
2025-09-14,e-영업1,전체,전체,전체,1906
2025-09-15,e-영업1,전체,전체,전체,1700
2025-09-16,e-영업1,전체,전체,전체,1565
2025-09-17,e-영업1,전체,전체,전체,1542
2025-09-18,e-영업1,전체,전체,전체,1419
2025-09-19,e-영업1,전체,전체,전체,1645
2025-09-20,e-영업1,전체,전체,전체,1826
2025-09-21,e-영업1,전체,전체,전체,1963
2025-09-22,e-영업1,전체,전체,전체,1920
2025-09-23,e-영업1,전체,전체,전체,2014
2025-09-24,e-영업1,전체,전체,전체,1982
2025-09-25,e-영업1,전체,전체,전체,2030
2025-09-26,e-영업1,전체,전체,전체,1789
2025-09-27,e-영업1,전체,전체,전체,1754
2025-09-28,e-영업1,전체,전체,전체,2140
2025-09-29,e-영업1,전체,전체,전체,2090
2025-09-30,e-영업1,전체,전체,전체,2025
2025-10-01,e-영업1,전체,전체,전체,1554
2025-10-02,e-영업1,전체,전체,전체,1364
2025-10-03,e-영업1,전체,전체,전체,1454
2025-10-04,e-영업1,전체,전체,전체,1439
2025-10-05,e-영업1,전체,전체,전체,1282
2025-10-06,e-영업1,전체,전체,전체,1495
2025-10-07,e-영업1,전체,전체,전체,1716
2025-10-08,e-영업1,전체,전체,전체,1896
2025-10-09,e-영업1,전체,전체,전체,2111
2025-10-10,e-영업1,전체,전체,전체,1963
2025-10-11,e-영업1,전체,전체,전체,2066
2025-10-12,e-영업1,전체,전체,전체,2264
2025-10-13,e-영업1,전체,전체,전체,1951
2025-10-14,e-영업1,전체,전체,전체,1700
2025-10-15,e-영업1,전체,전체,전체,1615
2025-10-16,e-영업1,전체,전체,전체,1714
2025-10-17,e-영업1,전체,전체,전체,1716
2025-10-18,e-영업1,전체,전체,전체,2221
2025-10-19,e-영업1,전체,전체,전체,2110
2025-10-20,e-영업1,전체,전체,전체,2383
2025-10-21,e-영업1,전체,전체,전체,2416
2025-10-22,e-영업1,전체,전체,전체,2553
2025-10-23,e-영업1,전체,전체,전체,2027
2025-10-24,e-영업1,전체,전체,전체,1885
2025-10-25,e-영업1,전체,전체,전체,2062
2025-10-26,e-영업1,전체,전체,전체,2491
2025-10-27,e-영업1,전체,전체,전체,2285
2025-10-28,e-영업1,전체,전체,전체,2490
2025-10-29,e-영업1,전체,전체,전체,2392
2025-10-30,e-영업1,전체,전체,전체,1986
2025-10-31,e-영업1,전체,전체,전체,1788
2025-11-01,e-영업1,전체,전체,전체,2098
2025-11-02,e-영업1,전체,전체,전체,2596
2025-11-03,e-영업1,전체,전체,전체,2368
2025-11-04,e-영업1,전체,전체,전체,2181
2025-11-05,e-영업1,전체,전체,전체,2267
2025-11-06,e-영업1,전체,전체,전체,2143
2025-11-07,e-영업1,전체,전체,전체,1957
2025-11-08,e-영업1,전체,전체,전체,2354
2025-11-09,e-영업1,전체,전체,전체,2787
2025-11-10,e-영업1,전체,전체,전체,2278
2025-11-11,e-영업1,전체,전체,전체,2693
2025-11-12,e-영업1,전체,전체,전체,2482
2025-11-13,e-영업1,전체,전체,전체,3333
2025-11-14,e-영업1,전체,전체,전체,3184
2025-11-15,e-영업1,전체,전체,전체,2322
2025-11-16,e-영업1,전체,전체,전체,2687
2025-11-17,e-영업1,전체,전체,전체,2818
2025-11-18,e-영업1,전체,전체,전체,3038
2025-11-19,e-영업1,전체,전체,전체,2637
2025-11-20,e-영업1,전체,전체,전체,2378
2025-11-21,e-영업1,전체,전체,전체,2318
2025-11-22,e-영업1,전체,전체,전체,2330
2025-11-23,e-영업1,전체,전체,전체,2918
2025-11-24,e-영업1,전체,전체,전체,2605
2025-11-25,e-영업1,전체,전체,전체,2514
2025-11-26,e-영업1,전체,전체,전체,2585
2025-11-27,e-영업1,전체,전체,전체,2640
2025-11-28,e-영업1,전체,전체,전체,2314
2025-11-29,e-영업1,전체,전체,전체,2537
2025-11-30,e-영업1,전체,전체,전체,2687
2025-12-01,e-영업1,전체,전체,전체,2727
2025-12-02,e-영업1,전체,전체,전체,2625
2025-12-03,e-영업1,전체,전체,전체,2875
2025-12-04,e-영업1,전체,전체,전체,2633
2025-12-05,e-영업1,전체,전체,전체,2552
2025-12-06,e-영업1,전체,전체,전체,2730
2025-12-07,e-영업1,전체,전체,전체,2952
2025-12-08,e-영업1,전체,전체,전체,2698
2025-12-09,e-영업1,전체,전체,전체,2785
2025-12-10,e-영업1,전체,전체,전체,2606
2025-12-11,e-영업1,전체,전체,전체,2819
2025-12-12,e-영업1,전체,전체,전체,2574
2025-12-13,e-영업1,전체,전체,전체,2718
2025-12-14,e-영업1,전체,전체,전체,3429
2025-12-15,e-영업1,전체,전체,전체,3029
2025-12-16,e-영업1,전체,전체,전체,2807
2025-12-17,e-영업1,전체,전체,전체,2651
2025-12-18,e-영업1,전체,전체,전체,2702
2025-12-19,e-영업1,전체,전체,전체,2467
2025-12-20,e-영업1,전체,전체,전체,2566
2025-12-21,e-영업1,전체,전체,전체,3150
2025-12-22,e-영업1,전체,전체,전체,3074
2025-12-23,e-영업1,전체,전체,전체,2638
2025-12-24,e-영업1,전체,전체,전체,2295
2025-12-25,e-영업1,전체,전체,전체,2647
2025-12-26,e-영업1,전체,전체,전체,2640
2025-12-27,e-영업1,전체,전체,전체,2686
2025-12-28,e-영업1,전체,전체,전체,2787
2025-12-29,e-영업1,전체,전체,전체,2655
2025-12-30,e-영업1,전체,전체,전체,2449
2025-12-31,e-영업1,전체,전체,전체,2198
2026-01-01,e-영업1,전체,전체,전체,2540
2026-01-02,e-영업1,전체,전체,전체,2364
2026-01-03,e-영업1,전체,전체,전체,2773
2026-01-04,e-영업1,전체,전체,전체,2756
2026-01-05,e-영업1,전체,전체,전체,2397
2026-01-06,e-영업1,전체,전체,전체,2399
2026-01-07,e-영업1,전체,전체,전체,2489
2026-01-08,e-영업1,전체,전체,전체,2233
2026-01-09,e-영업1,전체,전체,전체,2245
2026-01-10,e-영업1,전체,전체,전체,3023
2026-01-11,e-영업1,전체,전체,전체,3076
2026-01-12,e-영업1,전체,전체,전체,2687
2026-01-13,e-영업1,전체,전체,전체,2721
2026-01-14,e-영업1,전체,전체,전체,2868
2026-01-15,e-영업1,전체,전체,전체,2353
2026-01-16,e-영업1,전체,전체,전체,2281
2026-01-17,e-영업1,전체,전체,전체,2518
2026-01-18,e-영업1,전체,전체,전체,2757
2026-01-19,e-영업1,전체,전체,전체,2383
2026-01-20,e-영업1,전체,전체,전체,2312
2026-01-21,e-영업1,전체,전체,전체,2544
2026-01-22,e-영업1,전체,전체,전체,2234
2026-01-23,e-영업1,전체,전체,전체,2329
2026-01-24,e-영업1,전체,전체,전체,2508
2026-01-25,e-영업1,전체,전체,전체,2775
2026-01-26,e-영업1,전체,전체,전체,2440
2026-01-27,e-영업1,전체,전체,전체,2273
2026-01-28,e-영업1,전체,전체,전체,2177
2026-01-29,e-영업1,전체,전체,전체,2073
2026-01-30,e-영업1,전체,전체,전체,2002
2026-01-31,e-영업1,전체,전체,전체,2323
2026-02-01,e-영업1,전체,전체,전체,2701
2026-02-02,e-영업1,전체,전체,전체,2219
2026-02-03,e-영업1,전체,전체,전체,2323
2026-02-04,e-영업1,전체,전체,전체,2171
2026-02-05,e-영업1,전체,전체,전체,2025
2026-02-06,e-영업1,전체,전체,전체,1866
2026-02-07,e-영업1,전체,전체,전체,2242
2026-02-08,e-영업1,전체,전체,전체,2588
2026-02-09,e-영업1,전체,전체,전체,2136
2026-02-10,e-영업1,전체,전체,전체,2118
2026-02-11,e-영업1,전체,전체,전체,2122
2026-02-12,e-영업1,전체,전체,전체,1790
2026-02-13,e-영업1,전체,전체,전체,1673
2026-02-14,e-영업1,전체,전체,전체,1851
2026-02-15,e-영업1,전체,전체,전체,1910
2026-02-16,e-영업1,전체,전체,전체,1703
2026-02-17,e-영업1,전체,전체,전체,1667
2026-02-18,e-영업1,전체,전체,전체,2218
2026-02-19,e-영업1,전체,전체,전체,2063
2026-02-20,e-영업1,전체,전체,전체,2022
2026-02-21,e-영업1,전체,전체,전체,2509
2026-02-22,e-영업1,전체,전체,전체,2908
2026-02-23,e-영업1,전체,전체,전체,2257
2026-02-24,e-영업1,전체,전체,전체,2300
2026-02-25,e-영업1,전체,전체,전체,2210
2026-02-26,e-영업1,전체,전체,전체,2159
2026-02-27,e-영업1,전체,전체,전체,1929
2026-02-28,e-영업1,전체,전체,전체,2431
2026-03-01,e-영업1,전체,전체,전체,2709
2026-03-02,e-영업1,전체,전체,전체,2715
2026-03-03,e-영업1,전체,전체,전체,2140
2026-03-04,e-영업1,전체,전체,전체,2078
2026-03-05,e-영업1,전체,전체,전체,1971
2026-03-06,e-영업1,전체,전체,전체,1990
2026-03-07,e-영업1,전체,전체,전체,2435
2026-03-08,e-영업1,전체,전체,전체,2207
2026-03-09,e-영업1,전체,전체,전체,1856
2026-03-10,e-영업1,전체,전체,전체,1825
2026-03-11,e-영업1,전체,전체,전체,1860
2026-03-12,e-영업1,전체,전체,전체,1773
2026-03-13,e-영업1,전체,전체,전체,1708
2026-03-14,e-영업1,전체,전체,전체,1970
2026-03-15,e-영업1,전체,전체,전체,2286
2026-03-16,e-영업1,전체,전체,전체,1940
2026-03-17,e-영업1,전체,전체,전체,1813
2026-03-18,e-영업1,전체,전체,전체,1830
2026-03-19,e-영업1,전체,전체,전체,1781
2026-03-20,e-영업1,전체,전체,전체,1573
2026-03-21,e-영업1,전체,전체,전체,1720
2026-03-22,e-영업1,전체,전체,전체,2308
2026-03-23,e-영업1,전체,전체,전체,1764
2026-03-24,e-영업1,전체,전체,전체,1712
2026-03-25,e-영업1,전체,전체,전체,1696
2026-03-26,e-영업1,전체,전체,전체,1534
2026-03-27,e-영업1,전체,전체,전체,2522
2026-03-28,e-영업1,전체,전체,전체,1815
2026-03-29,e-영업1,전체,전체,전체,1981
2026-03-30,e-영업1,전체,전체,전체,1790
2026-03-31,e-영업1,전체,전체,전체,2116
2026-04-01,e-영업1,전체,전체,전체,1799
2026-04-02,e-영업1,전체,전체,전체,1559
2026-04-03,e-영업1,전체,전체,전체,1776
2026-04-04,e-영업1,전체,전체,전체,1615
2026-04-05,e-영업1,전체,전체,전체,1775
2026-04-06,e-영업1,전체,전체,전체,4042
2026-04-07,e-영업1,전체,전체,전체,2443
2026-04-08,e-영업1,전체,전체,전체,3726
2026-04-09,e-영업1,전체,전체,전체,3207
2026-04-10,e-영업1,전체,전체,전체,1969
2026-04-11,e-영업1,전체,전체,전체,1641
2026-04-12,e-영업1,전체,전체,전체,2175
2026-04-13,e-영업1,전체,전체,전체,2064
2026-04-14,e-영업1,전체,전체,전체,1671
2026-04-15,e-영업1,전체,전체,전체,1958
2026-04-16,e-영업1,전체,전체,전체,2117
2026-04-17,e-영업1,전체,전체,전체,1704
2026-04-18,e-영업1,전체,전체,전체,1604
2026-04-19,e-영업1,전체,전체,전체,2194
2026-04-20,e-영업1,전체,전체,전체,1942
2026-04-21,e-영업1,전체,전체,전체,1931
2026-04-22,e-영업1,전체,전체,전체,1911
2026-04-23,e-영업1,전체,전체,전체,2755
2026-04-24,e-영업1,전체,전체,전체,1663
2026-04-25,e-영업1,전체,전체,전체,1770
2026-04-26,e-영업1,전체,전체,전체,2027
2026-04-27,e-영업1,전체,전체,전체,1828
2026-04-28,e-영업1,전체,전체,전체,1855
2026-04-29,e-영업1,전체,전체,전체,1835
2026-04-30,e-영업1,전체,전체,전체,1763
2026-05-01,e-영업1,전체,전체,전체,2308
2026-05-02,e-영업1,전체,전체,전체,2311
2026-05-03,e-영업1,전체,전체,전체,2529
2026-05-04,e-영업1,전체,전체,전체,2399
2026-05-05,e-영업1,전체,전체,전체,2570
2026-05-06,e-영업1,전체,전체,전체,2408
2026-05-07,e-영업1,전체,전체,전체,2015
2026-05-08,e-영업1,전체,전체,전체,2304
2026-05-09,e-영업1,전체,전체,전체,2216
2026-05-10,e-영업1,전체,전체,전체,2415
2026-05-11,e-영업1,전체,전체,전체,2028
2026-05-12,e-영업1,전체,전체,전체,2805
2026-05-13,e-영업1,전체,전체,전체,3009
2026-05-14,e-영업1,전체,전체,전체,2797
2026-05-15,e-영업1,전체,전체,전체,2767
2026-05-16,e-영업1,전체,전체,전체,2967
2026-05-17,e-영업1,전체,전체,전체,3322
2026-05-18,e-영업1,전체,전체,전체,2505
2026-05-19,e-영업1,전체,전체,전체,2717
2026-05-20,e-영업1,전체,전체,전체,2408
2026-05-21,e-영업1,전체,전체,전체,2420
2026-05-22,e-영업1,전체,전체,전체,2808
2026-05-23,e-영업1,전체,전체,전체,2407
2026-05-24,e-영업1,전체,전체,전체,2379
2026-05-25,e-영업1,전체,전체,전체,2571
2026-05-26,e-영업1,전체,전체,전체,2273
2026-05-27,e-영업1,전체,전체,전체,2147
2026-05-28,e-영업1,전체,전체,전체,2161
2026-05-29,e-영업1,전체,전체,전체,2732
2026-05-30,e-영업1,전체,전체,전체,3018
2026-05-31,e-영업1,전체,전체,전체,3051
2026-06-01,e-영업1,전체,전체,전체,2689
2026-06-02,e-영업1,전체,전체,전체,1811
2026-06-03,e-영업1,전체,전체,전체,2166
2026-06-04,e-영업1,전체,전체,전체,1986
2026-06-05,e-영업1,전체,전체,전체,2429
2026-06-06,e-영업1,전체,전체,전체,2502
2026-06-07,e-영업1,전체,전체,전체,2874
2026-06-08,e-영업1,전체,전체,전체,2049
2026-06-09,e-영업1,전체,전체,전체,2450
2026-06-10,e-영업1,전체,전체,전체,2317
2026-06-11,e-영업1,전체,전체,전체,2169
2026-06-12,e-영업1,전체,전체,전체,2446
2026-06-13,e-영업1,전체,전체,전체,2116
2026-06-14,e-영업1,전체,전체,전체,2423
2026-06-15,e-영업1,전체,전체,전체,2904
2026-06-16,e-영업1,전체,전체,전체,2281
2026-06-17,e-영업1,전체,전체,전체,2242
2026-06-18,e-영업1,전체,전체,전체,2137
2026-06-19,e-영업1,전체,전체,전체,2000
2026-06-20,e-영업1,전체,전체,전체,2162
2026-06-21,e-영업1,전체,전체,전체,2497
2026-06-22,e-영업1,전체,전체,전체,2129
2026-06-23,e-영업1,전체,전체,전체,1770
2026-06-24,e-영업1,전체,전체,전체,1792
2026-06-25,e-영업1,전체,전체,전체,1850
2026-06-26,e-영업1,전체,전체,전체,2421
2026-06-27,e-영업1,전체,전체,전체,2106
2026-06-28,e-영업1,전체,전체,전체,2332
2026-06-29,e-영업1,전체,전체,전체,2118
2026-06-30,e-영업1,전체,전체,전체,2001
2026-07-01,e-영업1,전체,전체,전체,1999
2026-07-02,e-영업1,전체,전체,전체,1790
2026-07-03,e-영업1,전체,전체,전체,1874
2026-07-04,e-영업1,전체,전체,전체,2138
2026-07-05,e-영업1,전체,전체,전체,2454
2026-07-06,e-영업1,전체,전체,전체,2137
2026-07-07,e-영업1,전체,전체,전체,2245
2026-07-08,e-영업1,전체,전체,전체,2300
2026-07-09,e-영업1,전체,전체,전체,2050
2026-07-10,e-영업1,전체,전체,전체,1918
2026-07-11,e-영업1,전체,전체,전체,1934
2026-07-12,e-영업1,전체,전체,전체,2273
2026-07-13,e-영업1,전체,전체,전체,1896
2026-07-14,e-영업1,전체,전체,전체,1719
2026-07-15,e-영업1,전체,전체,전체,1756
2026-07-16,e-영업1,전체,전체,전체,1615
2026-07-17,e-영업1,전체,전체,전체,1783
2026-07-18,e-영업1,전체,전체,전체,1956
2026-07-19,e-영업1,전체,전체,전체,2059
2026-07-20,e-영업1,전체,전체,전체,1826
2026-07-21,e-영업1,전체,전체,전체,1779
2026-07-22,e-영업1,전체,전체,전체,1724
2026-07-23,e-영업1,전체,전체,전체,1634
2026-07-24,e-영업1,전체,전체,전체,1702
2026-07-25,e-영업1,전체,전체,전체,1893
2026-07-26,e-영업1,전체,전체,전체,1752
2026-07-27,e-영업1,전체,전체,전체,1682
2026-07-28,e-영업1,전체,전체,전체,1514
2026-07-29,e-영업1,전체,전체,전체,1555
2026-07-30,e-영업1,전체,전체,전체,1554
2026-07-31,e-영업1,전체,전체,전체,1490
2026-08-01,e-영업1,전체,전체,전체,1734
2026-08-02,e-영업1,전체,전체,전체,1780
2026-08-03,e-영업1,전체,전체,전체,1906
2026-08-04,e-영업1,전체,전체,전체,1709
2026-08-05,e-영업1,전체,전체,전체,1589
2026-08-06,e-영업1,전체,전체,전체,1674
2026-08-07,e-영업1,전체,전체,전체,1501
2026-08-08,e-영업1,전체,전체,전체,1569
2026-08-09,e-영업1,전체,전체,전체,1614
2026-08-10,e-영업1,전체,전체,전체,1542
2026-08-11,e-영업1,전체,전체,전체,1528
2026-08-12,e-영업1,전체,전체,전체,1455
2025-01-01,e-영업2,전체,전체,전체,3936
2025-01-02,e-영업2,전체,전체,전체,3596
2025-01-03,e-영업2,전체,전체,전체,3923
2025-01-04,e-영업2,전체,전체,전체,4352
2025-01-05,e-영업2,전체,전체,전체,4373
2025-01-06,e-영업2,전체,전체,전체,4202
2025-01-07,e-영업2,전체,전체,전체,4322
2025-01-08,e-영업2,전체,전체,전체,4119
2025-01-09,e-영업2,전체,전체,전체,4115
2025-01-10,e-영업2,전체,전체,전체,3856
2025-01-11,e-영업2,전체,전체,전체,4453
2025-01-12,e-영업2,전체,전체,전체,4595
2025-01-13,e-영업2,전체,전체,전체,4166
2025-01-14,e-영업2,전체,전체,전체,4098
2025-01-15,e-영업2,전체,전체,전체,4275
2025-01-16,e-영업2,전체,전체,전체,4067
2025-01-17,e-영업2,전체,전체,전체,4007
2025-01-18,e-영업2,전체,전체,전체,4181
2025-01-19,e-영업2,전체,전체,전체,4433
2025-01-20,e-영업2,전체,전체,전체,3999
2025-01-21,e-영업2,전체,전체,전체,3826
2025-01-22,e-영업2,전체,전체,전체,3773
2025-01-23,e-영업2,전체,전체,전체,3974
2025-01-24,e-영업2,전체,전체,전체,3441
2025-01-25,e-영업2,전체,전체,전체,3890
2025-01-26,e-영업2,전체,전체,전체,4206
2025-01-27,e-영업2,전체,전체,전체,4022
2025-01-28,e-영업2,전체,전체,전체,3730
2025-01-29,e-영업2,전체,전체,전체,3863
2025-01-30,e-영업2,전체,전체,전체,4700
2025-01-31,e-영업2,전체,전체,전체,4442
2025-02-01,e-영업2,전체,전체,전체,4728
2025-02-02,e-영업2,전체,전체,전체,5196
2025-02-03,e-영업2,전체,전체,전체,4713
2025-02-04,e-영업2,전체,전체,전체,4471
2025-02-05,e-영업2,전체,전체,전체,4957
2025-02-06,e-영업2,전체,전체,전체,4337
2025-02-07,e-영업2,전체,전체,전체,3980
2025-02-08,e-영업2,전체,전체,전체,4159
2025-02-09,e-영업2,전체,전체,전체,4631
2025-02-10,e-영업2,전체,전체,전체,4270
2025-02-11,e-영업2,전체,전체,전체,4234
2025-02-12,e-영업2,전체,전체,전체,4484
2025-02-13,e-영업2,전체,전체,전체,4211
2025-02-14,e-영업2,전체,전체,전체,4105
2025-02-15,e-영업2,전체,전체,전체,4501
2025-02-16,e-영업2,전체,전체,전체,5084
2025-02-17,e-영업2,전체,전체,전체,4596
2025-02-18,e-영업2,전체,전체,전체,4220
2025-02-19,e-영업2,전체,전체,전체,4196
2025-02-20,e-영업2,전체,전체,전체,4040
2025-02-21,e-영업2,전체,전체,전체,4344
2025-02-22,e-영업2,전체,전체,전체,4631
2025-02-23,e-영업2,전체,전체,전체,5281
2025-02-24,e-영업2,전체,전체,전체,4495
2025-02-25,e-영업2,전체,전체,전체,4966
2025-02-26,e-영업2,전체,전체,전체,5716
2025-02-27,e-영업2,전체,전체,전체,5300
2025-02-28,e-영업2,전체,전체,전체,4867
2025-03-01,e-영업2,전체,전체,전체,6014
2025-03-02,e-영업2,전체,전체,전체,5974
2025-03-03,e-영업2,전체,전체,전체,5907
2025-03-04,e-영업2,전체,전체,전체,5328
2025-03-05,e-영업2,전체,전체,전체,5331
2025-03-06,e-영업2,전체,전체,전체,5139
2025-03-07,e-영업2,전체,전체,전체,4736
2025-03-08,e-영업2,전체,전체,전체,5628
2025-03-09,e-영업2,전체,전체,전체,7351
2025-03-10,e-영업2,전체,전체,전체,6440
2025-03-11,e-영업2,전체,전체,전체,5939
2025-03-12,e-영업2,전체,전체,전체,5797
2025-03-13,e-영업2,전체,전체,전체,5102
2025-03-14,e-영업2,전체,전체,전체,4916
2025-03-15,e-영업2,전체,전체,전체,5946
2025-03-16,e-영업2,전체,전체,전체,6643
2025-03-17,e-영업2,전체,전체,전체,5648
2025-03-18,e-영업2,전체,전체,전체,5039
2025-03-19,e-영업2,전체,전체,전체,5181
2025-03-20,e-영업2,전체,전체,전체,5085
2025-03-21,e-영업2,전체,전체,전체,4938
2025-03-22,e-영업2,전체,전체,전체,5127
2025-03-23,e-영업2,전체,전체,전체,5743
2025-03-24,e-영업2,전체,전체,전체,5991
2025-03-25,e-영업2,전체,전체,전체,5780
2025-03-26,e-영업2,전체,전체,전체,5423
2025-03-27,e-영업2,전체,전체,전체,5086
2025-03-28,e-영업2,전체,전체,전체,4434
2025-03-29,e-영업2,전체,전체,전체,4814
2025-03-30,e-영업2,전체,전체,전체,5507
2025-03-31,e-영업2,전체,전체,전체,5321
2025-04-01,e-영업2,전체,전체,전체,5571
2025-04-02,e-영업2,전체,전체,전체,5934
2025-04-03,e-영업2,전체,전체,전체,5579
2025-04-04,e-영업2,전체,전체,전체,5036
2025-04-05,e-영업2,전체,전체,전체,5950
2025-04-06,e-영업2,전체,전체,전체,6129
2025-04-07,e-영업2,전체,전체,전체,5656
2025-04-08,e-영업2,전체,전체,전체,5814
2025-04-09,e-영업2,전체,전체,전체,6111
2025-04-10,e-영업2,전체,전체,전체,5415
2025-04-11,e-영업2,전체,전체,전체,5303
2025-04-12,e-영업2,전체,전체,전체,5911
2025-04-13,e-영업2,전체,전체,전체,6574
2025-04-14,e-영업2,전체,전체,전체,6144
2025-04-15,e-영업2,전체,전체,전체,5658
2025-04-16,e-영업2,전체,전체,전체,5994
2025-04-17,e-영업2,전체,전체,전체,5699
2025-04-18,e-영업2,전체,전체,전체,5455
2025-04-19,e-영업2,전체,전체,전체,5843
2025-04-20,e-영업2,전체,전체,전체,6508
2025-04-21,e-영업2,전체,전체,전체,6251
2025-04-22,e-영업2,전체,전체,전체,5875
2025-04-23,e-영업2,전체,전체,전체,5956
2025-04-24,e-영업2,전체,전체,전체,5201
2025-04-25,e-영업2,전체,전체,전체,4938
2025-04-26,e-영업2,전체,전체,전체,5087
2025-04-27,e-영업2,전체,전체,전체,5953
2025-04-28,e-영업2,전체,전체,전체,5434
2025-04-29,e-영업2,전체,전체,전체,5144
2025-04-30,e-영업2,전체,전체,전체,4698
2025-05-01,e-영업2,전체,전체,전체,5205
2025-05-02,e-영업2,전체,전체,전체,4181
2025-05-03,e-영업2,전체,전체,전체,4424
2025-05-04,e-영업2,전체,전체,전체,4354
2025-05-05,e-영업2,전체,전체,전체,4890
2025-05-06,e-영업2,전체,전체,전체,5113
2025-05-07,e-영업2,전체,전체,전체,4500
2025-05-08,e-영업2,전체,전체,전체,4375
2025-05-09,e-영업2,전체,전체,전체,4376
2025-05-10,e-영업2,전체,전체,전체,4308
2025-05-11,e-영업2,전체,전체,전체,4781
2025-05-12,e-영업2,전체,전체,전체,6874
2025-05-13,e-영업2,전체,전체,전체,7672
2025-05-14,e-영업2,전체,전체,전체,5050
2025-05-15,e-영업2,전체,전체,전체,4410
2025-05-16,e-영업2,전체,전체,전체,4393
2025-05-17,e-영업2,전체,전체,전체,4282
2025-05-18,e-영업2,전체,전체,전체,4625
2025-05-19,e-영업2,전체,전체,전체,4496
2025-05-20,e-영업2,전체,전체,전체,4369
2025-05-21,e-영업2,전체,전체,전체,4674
2025-05-22,e-영업2,전체,전체,전체,4344
2025-05-23,e-영업2,전체,전체,전체,4005
2025-05-24,e-영업2,전체,전체,전체,4124
2025-05-25,e-영업2,전체,전체,전체,4571
2025-05-26,e-영업2,전체,전체,전체,4341
2025-05-27,e-영업2,전체,전체,전체,4284
2025-05-28,e-영업2,전체,전체,전체,4107
2025-05-29,e-영업2,전체,전체,전체,4550
2025-05-30,e-영업2,전체,전체,전체,3845
2025-05-31,e-영업2,전체,전체,전체,4006
2025-06-01,e-영업2,전체,전체,전체,4622
2025-06-02,e-영업2,전체,전체,전체,4156
2025-06-03,e-영업2,전체,전체,전체,5058
2025-06-04,e-영업2,전체,전체,전체,4318
2025-06-05,e-영업2,전체,전체,전체,4202
2025-06-06,e-영업2,전체,전체,전체,4279
2025-06-07,e-영업2,전체,전체,전체,4785
2025-06-08,e-영업2,전체,전체,전체,4737
2025-06-09,e-영업2,전체,전체,전체,4389
2025-06-10,e-영업2,전체,전체,전체,4484
2025-06-11,e-영업2,전체,전체,전체,4346
2025-06-12,e-영업2,전체,전체,전체,4302
2025-06-13,e-영업2,전체,전체,전체,3882
2025-06-14,e-영업2,전체,전체,전체,4000
2025-06-15,e-영업2,전체,전체,전체,4581
2025-06-16,e-영업2,전체,전체,전체,4415
2025-06-17,e-영업2,전체,전체,전체,4040
2025-06-18,e-영업2,전체,전체,전체,4347
2025-06-19,e-영업2,전체,전체,전체,4018
2025-06-20,e-영업2,전체,전체,전체,3965
2025-06-21,e-영업2,전체,전체,전체,3955
2025-06-22,e-영업2,전체,전체,전체,4798
2025-06-23,e-영업2,전체,전체,전체,4241
2025-06-24,e-영업2,전체,전체,전체,3911
2025-06-25,e-영업2,전체,전체,전체,3735
2025-06-26,e-영업2,전체,전체,전체,3788
2025-06-27,e-영업2,전체,전체,전체,3949
2025-06-28,e-영업2,전체,전체,전체,4020
2025-06-29,e-영업2,전체,전체,전체,4316
2025-06-30,e-영업2,전체,전체,전체,3841
2025-07-01,e-영업2,전체,전체,전체,4158
2025-07-02,e-영업2,전체,전체,전체,4003
2025-07-03,e-영업2,전체,전체,전체,3907
2025-07-04,e-영업2,전체,전체,전체,3716
2025-07-05,e-영업2,전체,전체,전체,3997
2025-07-06,e-영업2,전체,전체,전체,4554
2025-07-07,e-영업2,전체,전체,전체,4201
2025-07-08,e-영업2,전체,전체,전체,4163
2025-07-09,e-영업2,전체,전체,전체,4215
2025-07-10,e-영업2,전체,전체,전체,3820
2025-07-11,e-영업2,전체,전체,전체,3454
2025-07-12,e-영업2,전체,전체,전체,3709
2025-07-13,e-영업2,전체,전체,전체,4017
2025-07-14,e-영업2,전체,전체,전체,3698
2025-07-15,e-영업2,전체,전체,전체,3495
2025-07-16,e-영업2,전체,전체,전체,3448
2025-07-17,e-영업2,전체,전체,전체,3222
2025-07-18,e-영업2,전체,전체,전체,3179
2025-07-19,e-영업2,전체,전체,전체,3113
2025-07-20,e-영업2,전체,전체,전체,3910
2025-07-21,e-영업2,전체,전체,전체,3327
2025-07-22,e-영업2,전체,전체,전체,3379
2025-07-23,e-영업2,전체,전체,전체,3406
2025-07-24,e-영업2,전체,전체,전체,3255
2025-07-25,e-영업2,전체,전체,전체,2969
2025-07-26,e-영업2,전체,전체,전체,3146
2025-07-27,e-영업2,전체,전체,전체,3452
2025-07-28,e-영업2,전체,전체,전체,3389
2025-07-29,e-영업2,전체,전체,전체,3374
2025-07-30,e-영업2,전체,전체,전체,3166
2025-07-31,e-영업2,전체,전체,전체,2986
2025-08-01,e-영업2,전체,전체,전체,3446
2025-08-02,e-영업2,전체,전체,전체,3105
2025-08-03,e-영업2,전체,전체,전체,3648
2025-08-04,e-영업2,전체,전체,전체,3381
2025-08-05,e-영업2,전체,전체,전체,3508
2025-08-06,e-영업2,전체,전체,전체,3563
2025-08-07,e-영업2,전체,전체,전체,3177
2025-08-08,e-영업2,전체,전체,전체,2988
2025-08-09,e-영업2,전체,전체,전체,3420
2025-08-10,e-영업2,전체,전체,전체,3605
2025-08-11,e-영업2,전체,전체,전체,3407
2025-08-12,e-영업2,전체,전체,전체,3305
2025-08-13,e-영업2,전체,전체,전체,3442
2025-08-14,e-영업2,전체,전체,전체,2946
2025-08-15,e-영업2,전체,전체,전체,3264
2025-08-16,e-영업2,전체,전체,전체,3460
2025-08-17,e-영업2,전체,전체,전체,3648
2025-08-18,e-영업2,전체,전체,전체,3297
2025-08-19,e-영업2,전체,전체,전체,3181
2025-08-20,e-영업2,전체,전체,전체,3149
2025-08-21,e-영업2,전체,전체,전체,3037
2025-08-22,e-영업2,전체,전체,전체,2959
2025-08-23,e-영업2,전체,전체,전체,3362
2025-08-24,e-영업2,전체,전체,전체,3531
2025-08-25,e-영업2,전체,전체,전체,3175
2025-08-26,e-영업2,전체,전체,전체,3203
2025-08-27,e-영업2,전체,전체,전체,3498
2025-08-28,e-영업2,전체,전체,전체,3377
2025-08-29,e-영업2,전체,전체,전체,3460
2025-08-30,e-영업2,전체,전체,전체,3508
2025-08-31,e-영업2,전체,전체,전체,3730
2025-09-01,e-영업2,전체,전체,전체,3606
2025-09-02,e-영업2,전체,전체,전체,4247
2025-09-03,e-영업2,전체,전체,전체,3855
2025-09-04,e-영업2,전체,전체,전체,3816
2025-09-05,e-영업2,전체,전체,전체,3713
2025-09-06,e-영업2,전체,전체,전체,4047
2025-09-07,e-영업2,전체,전체,전체,4578
2025-09-08,e-영업2,전체,전체,전체,4226
2025-09-09,e-영업2,전체,전체,전체,4192
2025-09-10,e-영업2,전체,전체,전체,3962
2025-09-11,e-영업2,전체,전체,전체,3888
2025-09-12,e-영업2,전체,전체,전체,3778
2025-09-13,e-영업2,전체,전체,전체,4153
2025-09-14,e-영업2,전체,전체,전체,4665
2025-09-15,e-영업2,전체,전체,전체,4188
2025-09-16,e-영업2,전체,전체,전체,4134
2025-09-17,e-영업2,전체,전체,전체,4027
2025-09-18,e-영업2,전체,전체,전체,3794
2025-09-19,e-영업2,전체,전체,전체,3961
2025-09-20,e-영업2,전체,전체,전체,4775
2025-09-21,e-영업2,전체,전체,전체,5193
2025-09-22,e-영업2,전체,전체,전체,4558
2025-09-23,e-영업2,전체,전체,전체,4506
2025-09-24,e-영업2,전체,전체,전체,4215
2025-09-25,e-영업2,전체,전체,전체,4488
2025-09-26,e-영업2,전체,전체,전체,4105
2025-09-27,e-영업2,전체,전체,전체,3999
2025-09-28,e-영업2,전체,전체,전체,4947
2025-09-29,e-영업2,전체,전체,전체,4376
2025-09-30,e-영업2,전체,전체,전체,4048
2025-10-01,e-영업2,전체,전체,전체,4162
2025-10-02,e-영업2,전체,전체,전체,3471
2025-10-03,e-영업2,전체,전체,전체,4176
2025-10-04,e-영업2,전체,전체,전체,4084
2025-10-05,e-영업2,전체,전체,전체,3914
2025-10-06,e-영업2,전체,전체,전체,4186
2025-10-07,e-영업2,전체,전체,전체,4885
2025-10-08,e-영업2,전체,전체,전체,5673
2025-10-09,e-영업2,전체,전체,전체,5635
2025-10-10,e-영업2,전체,전체,전체,5213
2025-10-11,e-영업2,전체,전체,전체,5246
2025-10-12,e-영업2,전체,전체,전체,5585
2025-10-13,e-영업2,전체,전체,전체,5702
2025-10-14,e-영업2,전체,전체,전체,5444
2025-10-15,e-영업2,전체,전체,전체,5556
2025-10-16,e-영업2,전체,전체,전체,5842
2025-10-17,e-영업2,전체,전체,전체,5224
2025-10-18,e-영업2,전체,전체,전체,5503
2025-10-19,e-영업2,전체,전체,전체,6465
2025-10-20,e-영업2,전체,전체,전체,6139
2025-10-21,e-영업2,전체,전체,전체,5705
2025-10-22,e-영업2,전체,전체,전체,5641
2025-10-23,e-영업2,전체,전체,전체,4947
2025-10-24,e-영업2,전체,전체,전체,4794
2025-10-25,e-영업2,전체,전체,전체,4760
2025-10-26,e-영업2,전체,전체,전체,5822
2025-10-27,e-영업2,전체,전체,전체,5722
2025-10-28,e-영업2,전체,전체,전체,6288
2025-10-29,e-영업2,전체,전체,전체,5094
2025-10-30,e-영업2,전체,전체,전체,4536
2025-10-31,e-영업2,전체,전체,전체,4063
2025-11-01,e-영업2,전체,전체,전체,4989
2025-11-02,e-영업2,전체,전체,전체,5856
2025-11-03,e-영업2,전체,전체,전체,5028
2025-11-04,e-영업2,전체,전체,전체,4412
2025-11-05,e-영업2,전체,전체,전체,4410
2025-11-06,e-영업2,전체,전체,전체,4157
2025-11-07,e-영업2,전체,전체,전체,3972
2025-11-08,e-영업2,전체,전체,전체,4281
2025-11-09,e-영업2,전체,전체,전체,4997
2025-11-10,e-영업2,전체,전체,전체,4345
2025-11-11,e-영업2,전체,전체,전체,4200
2025-11-12,e-영업2,전체,전체,전체,4125
2025-11-13,e-영업2,전체,전체,전체,3850
2025-11-14,e-영업2,전체,전체,전체,3614
2025-11-15,e-영업2,전체,전체,전체,4184
2025-11-16,e-영업2,전체,전체,전체,4795
2025-11-17,e-영업2,전체,전체,전체,4348
2025-11-18,e-영업2,전체,전체,전체,4484
2025-11-19,e-영업2,전체,전체,전체,3936
2025-11-20,e-영업2,전체,전체,전체,3523
2025-11-21,e-영업2,전체,전체,전체,3614
2025-11-22,e-영업2,전체,전체,전체,4036
2025-11-23,e-영업2,전체,전체,전체,4629
2025-11-24,e-영업2,전체,전체,전체,3996
2025-11-25,e-영업2,전체,전체,전체,3880
2025-11-26,e-영업2,전체,전체,전체,3750
2025-11-27,e-영업2,전체,전체,전체,3712
2025-11-28,e-영업2,전체,전체,전체,3557
2025-11-29,e-영업2,전체,전체,전체,4352
2025-11-30,e-영업2,전체,전체,전체,4814
2025-12-01,e-영업2,전체,전체,전체,4444
2025-12-02,e-영업2,전체,전체,전체,4161
2025-12-03,e-영업2,전체,전체,전체,4587
2025-12-04,e-영업2,전체,전체,전체,4185
2025-12-05,e-영업2,전체,전체,전체,4055
2025-12-06,e-영업2,전체,전체,전체,4329
2025-12-07,e-영업2,전체,전체,전체,4967
2025-12-08,e-영업2,전체,전체,전체,4403
2025-12-09,e-영업2,전체,전체,전체,4283
2025-12-10,e-영업2,전체,전체,전체,3994
2025-12-11,e-영업2,전체,전체,전체,4153
2025-12-12,e-영업2,전체,전체,전체,3954
2025-12-13,e-영업2,전체,전체,전체,4499
2025-12-14,e-영업2,전체,전체,전체,5231
2025-12-15,e-영업2,전체,전체,전체,4397
2025-12-16,e-영업2,전체,전체,전체,3943
2025-12-17,e-영업2,전체,전체,전체,3681
2025-12-18,e-영업2,전체,전체,전체,3673
2025-12-19,e-영업2,전체,전체,전체,3352
2025-12-20,e-영업2,전체,전체,전체,3588
2025-12-21,e-영업2,전체,전체,전체,4267
2025-12-22,e-영업2,전체,전체,전체,3939
2025-12-23,e-영업2,전체,전체,전체,3231
2025-12-24,e-영업2,전체,전체,전체,2986
2025-12-25,e-영업2,전체,전체,전체,4189
2025-12-26,e-영업2,전체,전체,전체,3676
2025-12-27,e-영업2,전체,전체,전체,4345
2025-12-28,e-영업2,전체,전체,전체,4351
2025-12-29,e-영업2,전체,전체,전체,3677
2025-12-30,e-영업2,전체,전체,전체,3557
2025-12-31,e-영업2,전체,전체,전체,3419
2026-01-01,e-영업2,전체,전체,전체,3950
2026-01-02,e-영업2,전체,전체,전체,3633
2026-01-03,e-영업2,전체,전체,전체,4196
2026-01-04,e-영업2,전체,전체,전체,4261
2026-01-05,e-영업2,전체,전체,전체,3612
2026-01-06,e-영업2,전체,전체,전체,3547
2026-01-07,e-영업2,전체,전체,전체,3587
2026-01-08,e-영업2,전체,전체,전체,3350
2026-01-09,e-영업2,전체,전체,전체,3265
2026-01-10,e-영업2,전체,전체,전체,4220
2026-01-11,e-영업2,전체,전체,전체,4289
2026-01-12,e-영업2,전체,전체,전체,3680
2026-01-13,e-영업2,전체,전체,전체,3844
2026-01-14,e-영업2,전체,전체,전체,3820
2026-01-15,e-영업2,전체,전체,전체,3236
2026-01-16,e-영업2,전체,전체,전체,3240
2026-01-17,e-영업2,전체,전체,전체,3741
2026-01-18,e-영업2,전체,전체,전체,4071
2026-01-19,e-영업2,전체,전체,전체,3715
2026-01-20,e-영업2,전체,전체,전체,3633
2026-01-21,e-영업2,전체,전체,전체,3636
2026-01-22,e-영업2,전체,전체,전체,3531
2026-01-23,e-영업2,전체,전체,전체,3463
2026-01-24,e-영업2,전체,전체,전체,4303
2026-01-25,e-영업2,전체,전체,전체,4559
2026-01-26,e-영업2,전체,전체,전체,3653
2026-01-27,e-영업2,전체,전체,전체,3584
2026-01-28,e-영업2,전체,전체,전체,3418
2026-01-29,e-영업2,전체,전체,전체,3213
2026-01-30,e-영업2,전체,전체,전체,3297
2026-01-31,e-영업2,전체,전체,전체,3874
2026-02-01,e-영업2,전체,전체,전체,4463
2026-02-02,e-영업2,전체,전체,전체,3465
2026-02-03,e-영업2,전체,전체,전체,3753
2026-02-04,e-영업2,전체,전체,전체,3673
2026-02-05,e-영업2,전체,전체,전체,3361
2026-02-06,e-영업2,전체,전체,전체,3598
2026-02-07,e-영업2,전체,전체,전체,4316
2026-02-08,e-영업2,전체,전체,전체,5006
2026-02-09,e-영업2,전체,전체,전체,3866
2026-02-10,e-영업2,전체,전체,전체,3570
2026-02-11,e-영업2,전체,전체,전체,3413
2026-02-12,e-영업2,전체,전체,전체,3251
2026-02-13,e-영업2,전체,전체,전체,3052
2026-02-14,e-영업2,전체,전체,전체,3545
2026-02-15,e-영업2,전체,전체,전체,3739
2026-02-16,e-영업2,전체,전체,전체,3527
2026-02-17,e-영업2,전체,전체,전체,3358
2026-02-18,e-영업2,전체,전체,전체,4771
2026-02-19,e-영업2,전체,전체,전체,3974
2026-02-20,e-영업2,전체,전체,전체,3996
2026-02-21,e-영업2,전체,전체,전체,4794
2026-02-22,e-영업2,전체,전체,전체,5002
2026-02-23,e-영업2,전체,전체,전체,3986
2026-02-24,e-영업2,전체,전체,전체,3680
2026-02-25,e-영업2,전체,전체,전체,3673
2026-02-26,e-영업2,전체,전체,전체,3668
2026-02-27,e-영업2,전체,전체,전체,3591
2026-02-28,e-영업2,전체,전체,전체,4522
2026-03-01,e-영업2,전체,전체,전체,5311
2026-03-02,e-영업2,전체,전체,전체,5194
2026-03-03,e-영업2,전체,전체,전체,3974
2026-03-04,e-영업2,전체,전체,전체,3962
2026-03-05,e-영업2,전체,전체,전체,3945
2026-03-06,e-영업2,전체,전체,전체,4006
2026-03-07,e-영업2,전체,전체,전체,4947
2026-03-08,e-영업2,전체,전체,전체,5779
2026-03-09,e-영업2,전체,전체,전체,4878
2026-03-10,e-영업2,전체,전체,전체,4835
2026-03-11,e-영업2,전체,전체,전체,4831
2026-03-12,e-영업2,전체,전체,전체,4778
2026-03-13,e-영업2,전체,전체,전체,4623
2026-03-14,e-영업2,전체,전체,전체,5724
2026-03-15,e-영업2,전체,전체,전체,6357
2026-03-16,e-영업2,전체,전체,전체,5461
2026-03-17,e-영업2,전체,전체,전체,5211
2026-03-18,e-영업2,전체,전체,전체,5152
2026-03-19,e-영업2,전체,전체,전체,4505
2026-03-20,e-영업2,전체,전체,전체,4337
2026-03-21,e-영업2,전체,전체,전체,5084
2026-03-22,e-영업2,전체,전체,전체,6367
2026-03-23,e-영업2,전체,전체,전체,4902
2026-03-24,e-영업2,전체,전체,전체,4782
2026-03-25,e-영업2,전체,전체,전체,4514
2026-03-26,e-영업2,전체,전체,전체,4136
2026-03-27,e-영업2,전체,전체,전체,5346
2026-03-28,e-영업2,전체,전체,전체,5036
2026-03-29,e-영업2,전체,전체,전체,5615
2026-03-30,e-영업2,전체,전체,전체,5205
2026-03-31,e-영업2,전체,전체,전체,5484
2026-04-01,e-영업2,전체,전체,전체,5728
2026-04-02,e-영업2,전체,전체,전체,4509
2026-04-03,e-영업2,전체,전체,전체,4330
2026-04-04,e-영업2,전체,전체,전체,5052
2026-04-05,e-영업2,전체,전체,전체,5193
2026-04-06,e-영업2,전체,전체,전체,10293
2026-04-07,e-영업2,전체,전체,전체,5492
2026-04-08,e-영업2,전체,전체,전체,10209
2026-04-09,e-영업2,전체,전체,전체,8966
2026-04-10,e-영업2,전체,전체,전체,4568
2026-04-11,e-영업2,전체,전체,전체,4427
2026-04-12,e-영업2,전체,전체,전체,5293
2026-04-13,e-영업2,전체,전체,전체,5018
2026-04-14,e-영업2,전체,전체,전체,4591
2026-04-15,e-영업2,전체,전체,전체,4845
2026-04-16,e-영업2,전체,전체,전체,4923
2026-04-17,e-영업2,전체,전체,전체,4315
2026-04-18,e-영업2,전체,전체,전체,4455
2026-04-19,e-영업2,전체,전체,전체,5927
2026-04-20,e-영업2,전체,전체,전체,5333
2026-04-21,e-영업2,전체,전체,전체,4852
2026-04-22,e-영업2,전체,전체,전체,4533
2026-04-23,e-영업2,전체,전체,전체,7607
2026-04-24,e-영업2,전체,전체,전체,3429
2026-04-25,e-영업2,전체,전체,전체,3975
2026-04-26,e-영업2,전체,전체,전체,4618
2026-04-27,e-영업2,전체,전체,전체,3949
2026-04-28,e-영업2,전체,전체,전체,3987
2026-04-29,e-영업2,전체,전체,전체,4788
2026-04-30,e-영업2,전체,전체,전체,4303
2026-05-01,e-영업2,전체,전체,전체,4808
2026-05-02,e-영업2,전체,전체,전체,5162
2026-05-03,e-영업2,전체,전체,전체,5337
2026-05-04,e-영업2,전체,전체,전체,4913
2026-05-05,e-영업2,전체,전체,전체,5630
2026-05-06,e-영업2,전체,전체,전체,5334
2026-05-07,e-영업2,전체,전체,전체,4652
2026-05-08,e-영업2,전체,전체,전체,4292
2026-05-09,e-영업2,전체,전체,전체,4362
2026-05-10,e-영업2,전체,전체,전체,4762
2026-05-11,e-영업2,전체,전체,전체,4071
2026-05-12,e-영업2,전체,전체,전체,5462
2026-05-13,e-영업2,전체,전체,전체,5710
2026-05-14,e-영업2,전체,전체,전체,5226
2026-05-15,e-영업2,전체,전체,전체,5418
2026-05-16,e-영업2,전체,전체,전체,5750
2026-05-17,e-영업2,전체,전체,전체,6263
2026-05-18,e-영업2,전체,전체,전체,4777
2026-05-19,e-영업2,전체,전체,전체,4828
2026-05-20,e-영업2,전체,전체,전체,4719
2026-05-21,e-영업2,전체,전체,전체,4776
2026-05-22,e-영업2,전체,전체,전체,5195
2026-05-23,e-영업2,전체,전체,전체,4396
2026-05-24,e-영업2,전체,전체,전체,4710
2026-05-25,e-영업2,전체,전체,전체,4536
2026-05-26,e-영업2,전체,전체,전체,4075
2026-05-27,e-영업2,전체,전체,전체,3801
2026-05-28,e-영업2,전체,전체,전체,3765
2026-05-29,e-영업2,전체,전체,전체,4665
2026-05-30,e-영업2,전체,전체,전체,5602
2026-05-31,e-영업2,전체,전체,전체,5718
2026-06-01,e-영업2,전체,전체,전체,4972
2026-06-02,e-영업2,전체,전체,전체,3058
2026-06-03,e-영업2,전체,전체,전체,3649
2026-06-04,e-영업2,전체,전체,전체,3504
2026-06-05,e-영업2,전체,전체,전체,4028
2026-06-06,e-영업2,전체,전체,전체,4051
2026-06-07,e-영업2,전체,전체,전체,4613
2026-06-08,e-영업2,전체,전체,전체,3115
2026-06-09,e-영업2,전체,전체,전체,4395
2026-06-10,e-영업2,전체,전체,전체,3818
2026-06-11,e-영업2,전체,전체,전체,3179
2026-06-12,e-영업2,전체,전체,전체,4130
2026-06-13,e-영업2,전체,전체,전체,2787
2026-06-14,e-영업2,전체,전체,전체,3394
2026-06-15,e-영업2,전체,전체,전체,4320
2026-06-16,e-영업2,전체,전체,전체,2882
2026-06-17,e-영업2,전체,전체,전체,2869
2026-06-18,e-영업2,전체,전체,전체,2626
2026-06-19,e-영업2,전체,전체,전체,2586
2026-06-20,e-영업2,전체,전체,전체,2753
2026-06-21,e-영업2,전체,전체,전체,3167
2026-06-22,e-영업2,전체,전체,전체,3913
2026-06-23,e-영업2,전체,전체,전체,2549
2026-06-24,e-영업2,전체,전체,전체,2503
2026-06-25,e-영업2,전체,전체,전체,2348
2026-06-26,e-영업2,전체,전체,전체,3716
2026-06-27,e-영업2,전체,전체,전체,2835
2026-06-28,e-영업2,전체,전체,전체,3242
2026-06-29,e-영업2,전체,전체,전체,2953
2026-06-30,e-영업2,전체,전체,전체,2642
2026-07-01,e-영업2,전체,전체,전체,2624
2026-07-02,e-영업2,전체,전체,전체,2324
2026-07-03,e-영업2,전체,전체,전체,2586
2026-07-04,e-영업2,전체,전체,전체,2946
2026-07-05,e-영업2,전체,전체,전체,3456
2026-07-06,e-영업2,전체,전체,전체,2937
2026-07-07,e-영업2,전체,전체,전체,2934
2026-07-08,e-영업2,전체,전체,전체,2840
2026-07-09,e-영업2,전체,전체,전체,2632
2026-07-10,e-영업2,전체,전체,전체,2557
2026-07-11,e-영업2,전체,전체,전체,2819
2026-07-12,e-영업2,전체,전체,전체,3155
2026-07-13,e-영업2,전체,전체,전체,2609
2026-07-14,e-영업2,전체,전체,전체,2493
2026-07-15,e-영업2,전체,전체,전체,2475
2026-07-16,e-영업2,전체,전체,전체,2139
2026-07-17,e-영업2,전체,전체,전체,2571
2026-07-18,e-영업2,전체,전체,전체,2853
2026-07-19,e-영업2,전체,전체,전체,3000
2026-07-20,e-영업2,전체,전체,전체,2793
2026-07-21,e-영업2,전체,전체,전체,2634
2026-07-22,e-영업2,전체,전체,전체,2597
2026-07-23,e-영업2,전체,전체,전체,2524
2026-07-24,e-영업2,전체,전체,전체,2500
2026-07-25,e-영업2,전체,전체,전체,2720
2026-07-26,e-영업2,전체,전체,전체,2837
2026-07-27,e-영업2,전체,전체,전체,2809
2026-07-28,e-영업2,전체,전체,전체,2494
2026-07-29,e-영업2,전체,전체,전체,2559
2026-07-30,e-영업2,전체,전체,전체,2508
2026-07-31,e-영업2,전체,전체,전체,2479
2026-08-01,e-영업2,전체,전체,전체,2855
2026-08-02,e-영업2,전체,전체,전체,2785
2026-08-03,e-영업2,전체,전체,전체,2916
2026-08-04,e-영업2,전체,전체,전체,2724
2026-08-05,e-영업2,전체,전체,전체,2970
2026-08-06,e-영업2,전체,전체,전체,2779
2026-08-07,e-영업2,전체,전체,전체,2849
2026-08-08,e-영업2,전체,전체,전체,2969
2026-08-09,e-영업2,전체,전체,전체,3137
2026-08-10,e-영업2,전체,전체,전체,2825
2026-08-11,e-영업2,전체,전체,전체,3045
2026-08-12,e-영업2,전체,전체,전체,2697
2025-01-01,e-영업3,전체,전체,전체,7799
2025-01-02,e-영업3,전체,전체,전체,7897
2025-01-03,e-영업3,전체,전체,전체,7158
2025-01-04,e-영업3,전체,전체,전체,7597
2025-01-05,e-영업3,전체,전체,전체,7966
2025-01-06,e-영업3,전체,전체,전체,7749
2025-01-07,e-영업3,전체,전체,전체,7933
2025-01-08,e-영업3,전체,전체,전체,8213
2025-01-09,e-영업3,전체,전체,전체,7606
2025-01-10,e-영업3,전체,전체,전체,6976
2025-01-11,e-영업3,전체,전체,전체,7561
2025-01-12,e-영업3,전체,전체,전체,8322
2025-01-13,e-영업3,전체,전체,전체,8157
2025-01-14,e-영업3,전체,전체,전체,7640
2025-01-15,e-영업3,전체,전체,전체,7690
2025-01-16,e-영업3,전체,전체,전체,6818
2025-01-17,e-영업3,전체,전체,전체,6143
2025-01-18,e-영업3,전체,전체,전체,6300
2025-01-19,e-영업3,전체,전체,전체,6966
2025-01-20,e-영업3,전체,전체,전체,6997
2025-01-21,e-영업3,전체,전체,전체,6899
2025-01-22,e-영업3,전체,전체,전체,6390
2025-01-23,e-영업3,전체,전체,전체,5727
2025-01-24,e-영업3,전체,전체,전체,5023
2025-01-25,e-영업3,전체,전체,전체,5432
2025-01-26,e-영업3,전체,전체,전체,5809
2025-01-27,e-영업3,전체,전체,전체,5825
2025-01-28,e-영업3,전체,전체,전체,5653
2025-01-29,e-영업3,전체,전체,전체,5571
2025-01-30,e-영업3,전체,전체,전체,7018
2025-01-31,e-영업3,전체,전체,전체,6747
2025-02-01,e-영업3,전체,전체,전체,6886
2025-02-02,e-영업3,전체,전체,전체,7838
2025-02-03,e-영업3,전체,전체,전체,7201
2025-02-04,e-영업3,전체,전체,전체,7130
2025-02-05,e-영업3,전체,전체,전체,7482
2025-02-06,e-영업3,전체,전체,전체,7272
2025-02-07,e-영업3,전체,전체,전체,6837
2025-02-08,e-영업3,전체,전체,전체,7330
2025-02-09,e-영업3,전체,전체,전체,7661
2025-02-10,e-영업3,전체,전체,전체,7309
2025-02-11,e-영업3,전체,전체,전체,7393
2025-02-12,e-영업3,전체,전체,전체,7372
2025-02-13,e-영업3,전체,전체,전체,7098
2025-02-14,e-영업3,전체,전체,전체,6909
2025-02-15,e-영업3,전체,전체,전체,7215
2025-02-16,e-영업3,전체,전체,전체,8301
2025-02-17,e-영업3,전체,전체,전체,7602
2025-02-18,e-영업3,전체,전체,전체,7703
2025-02-19,e-영업3,전체,전체,전체,7202
2025-02-20,e-영업3,전체,전체,전체,6579
2025-02-21,e-영업3,전체,전체,전체,6440
2025-02-22,e-영업3,전체,전체,전체,7046
2025-02-23,e-영업3,전체,전체,전체,8390
2025-02-24,e-영업3,전체,전체,전체,7901
2025-02-25,e-영업3,전체,전체,전체,7271
2025-02-26,e-영업3,전체,전체,전체,6784
2025-02-27,e-영업3,전체,전체,전체,6158
2025-02-28,e-영업3,전체,전체,전체,5846
2025-03-01,e-영업3,전체,전체,전체,7039
2025-03-02,e-영업3,전체,전체,전체,7734
2025-03-03,e-영업3,전체,전체,전체,8414
2025-03-04,e-영업3,전체,전체,전체,7403
2025-03-05,e-영업3,전체,전체,전체,8215
2025-03-06,e-영업3,전체,전체,전체,8588
2025-03-07,e-영업3,전체,전체,전체,7264
2025-03-08,e-영업3,전체,전체,전체,7762
2025-03-09,e-영업3,전체,전체,전체,8679
2025-03-10,e-영업3,전체,전체,전체,8548
2025-03-11,e-영업3,전체,전체,전체,8493
2025-03-12,e-영업3,전체,전체,전체,8502
2025-03-13,e-영업3,전체,전체,전체,7848
2025-03-14,e-영업3,전체,전체,전체,7666
2025-03-15,e-영업3,전체,전체,전체,8385
2025-03-16,e-영업3,전체,전체,전체,8815
2025-03-17,e-영업3,전체,전체,전체,8065
2025-03-18,e-영업3,전체,전체,전체,7235
2025-03-19,e-영업3,전체,전체,전체,7165
2025-03-20,e-영업3,전체,전체,전체,7538
2025-03-21,e-영업3,전체,전체,전체,6895
2025-03-22,e-영업3,전체,전체,전체,7111
2025-03-23,e-영업3,전체,전체,전체,8148
2025-03-24,e-영업3,전체,전체,전체,8093
2025-03-25,e-영업3,전체,전체,전체,8215
2025-03-26,e-영업3,전체,전체,전체,8266
2025-03-27,e-영업3,전체,전체,전체,7509
2025-03-28,e-영업3,전체,전체,전체,6486
2025-03-29,e-영업3,전체,전체,전체,6909
2025-03-30,e-영업3,전체,전체,전체,7448
2025-03-31,e-영업3,전체,전체,전체,7231
2025-04-01,e-영업3,전체,전체,전체,7634
2025-04-02,e-영업3,전체,전체,전체,7425
2025-04-03,e-영업3,전체,전체,전체,6609
2025-04-04,e-영업3,전체,전체,전체,5697
2025-04-05,e-영업3,전체,전체,전체,6592
2025-04-06,e-영업3,전체,전체,전체,6659
2025-04-07,e-영업3,전체,전체,전체,7082
2025-04-08,e-영업3,전체,전체,전체,6971
2025-04-09,e-영업3,전체,전체,전체,7359
2025-04-10,e-영업3,전체,전체,전체,6558
2025-04-11,e-영업3,전체,전체,전체,5918
2025-04-12,e-영업3,전체,전체,전체,6203
2025-04-13,e-영업3,전체,전체,전체,6910
2025-04-14,e-영업3,전체,전체,전체,6525
2025-04-15,e-영업3,전체,전체,전체,6710
2025-04-16,e-영업3,전체,전체,전체,6904
2025-04-17,e-영업3,전체,전체,전체,6493
2025-04-18,e-영업3,전체,전체,전체,6801
2025-04-19,e-영업3,전체,전체,전체,6993
2025-04-20,e-영업3,전체,전체,전체,7364
2025-04-21,e-영업3,전체,전체,전체,7632
2025-04-22,e-영업3,전체,전체,전체,7456
2025-04-23,e-영업3,전체,전체,전체,7618
2025-04-24,e-영업3,전체,전체,전체,7576
2025-04-25,e-영업3,전체,전체,전체,6851
2025-04-26,e-영업3,전체,전체,전체,7110
2025-04-27,e-영업3,전체,전체,전체,7562
2025-04-28,e-영업3,전체,전체,전체,7232
2025-04-29,e-영업3,전체,전체,전체,6788
2025-04-30,e-영업3,전체,전체,전체,6452
2025-05-01,e-영업3,전체,전체,전체,6762
2025-05-02,e-영업3,전체,전체,전체,5437
2025-05-03,e-영업3,전체,전체,전체,5363
2025-05-04,e-영업3,전체,전체,전체,5421
2025-05-05,e-영업3,전체,전체,전체,6023
2025-05-06,e-영업3,전체,전체,전체,6404
2025-05-07,e-영업3,전체,전체,전체,5858
2025-05-08,e-영업3,전체,전체,전체,5600
2025-05-09,e-영업3,전체,전체,전체,5874
2025-05-10,e-영업3,전체,전체,전체,5901
2025-05-11,e-영업3,전체,전체,전체,6255
2025-05-12,e-영업3,전체,전체,전체,6297
2025-05-13,e-영업3,전체,전체,전체,6444
2025-05-14,e-영업3,전체,전체,전체,6234
2025-05-15,e-영업3,전체,전체,전체,5639
2025-05-16,e-영업3,전체,전체,전체,5304
2025-05-17,e-영업3,전체,전체,전체,5430
2025-05-18,e-영업3,전체,전체,전체,6156
2025-05-19,e-영업3,전체,전체,전체,6012
2025-05-20,e-영업3,전체,전체,전체,6415
2025-05-21,e-영업3,전체,전체,전체,6979
2025-05-22,e-영업3,전체,전체,전체,6877
2025-05-23,e-영업3,전체,전체,전체,6039
2025-05-24,e-영업3,전체,전체,전체,6179
2025-05-25,e-영업3,전체,전체,전체,6982
2025-05-26,e-영업3,전체,전체,전체,6862
2025-05-27,e-영업3,전체,전체,전체,6924
2025-05-28,e-영업3,전체,전체,전체,6789
2025-05-29,e-영업3,전체,전체,전체,6356
2025-05-30,e-영업3,전체,전체,전체,5830
2025-05-31,e-영업3,전체,전체,전체,6263
2025-06-01,e-영업3,전체,전체,전체,7086
2025-06-02,e-영업3,전체,전체,전체,6358
2025-06-03,e-영업3,전체,전체,전체,6898
2025-06-04,e-영업3,전체,전체,전체,6226
2025-06-05,e-영업3,전체,전체,전체,5789
2025-06-06,e-영업3,전체,전체,전체,6138
2025-06-07,e-영업3,전체,전체,전체,6051
2025-06-08,e-영업3,전체,전체,전체,6567
2025-06-09,e-영업3,전체,전체,전체,6461
2025-06-10,e-영업3,전체,전체,전체,5767
2025-06-11,e-영업3,전체,전체,전체,5971
2025-06-12,e-영업3,전체,전체,전체,5912
2025-06-13,e-영업3,전체,전체,전체,5188
2025-06-14,e-영업3,전체,전체,전체,5257
2025-06-15,e-영업3,전체,전체,전체,6097
2025-06-16,e-영업3,전체,전체,전체,7099
2025-06-17,e-영업3,전체,전체,전체,6973
2025-06-18,e-영업3,전체,전체,전체,8543
2025-06-19,e-영업3,전체,전체,전체,6567
2025-06-20,e-영업3,전체,전체,전체,6271
2025-06-21,e-영업3,전체,전체,전체,6157
2025-06-22,e-영업3,전체,전체,전체,7116
2025-06-23,e-영업3,전체,전체,전체,6546
2025-06-24,e-영업3,전체,전체,전체,5847
2025-06-25,e-영업3,전체,전체,전체,5674
2025-06-26,e-영업3,전체,전체,전체,5246
2025-06-27,e-영업3,전체,전체,전체,4882
2025-06-28,e-영업3,전체,전체,전체,5077
2025-06-29,e-영업3,전체,전체,전체,5624
2025-06-30,e-영업3,전체,전체,전체,5751
2025-07-01,e-영업3,전체,전체,전체,5524
2025-07-02,e-영업3,전체,전체,전체,5318
2025-07-03,e-영업3,전체,전체,전체,4921
2025-07-04,e-영업3,전체,전체,전체,4489
2025-07-05,e-영업3,전체,전체,전체,4831
2025-07-06,e-영업3,전체,전체,전체,5724
2025-07-07,e-영업3,전체,전체,전체,5628
2025-07-08,e-영업3,전체,전체,전체,5923
2025-07-09,e-영업3,전체,전체,전체,6187
2025-07-10,e-영업3,전체,전체,전체,5649
2025-07-11,e-영업3,전체,전체,전체,5212
2025-07-12,e-영업3,전체,전체,전체,5219
2025-07-13,e-영업3,전체,전체,전체,5801
2025-07-14,e-영업3,전체,전체,전체,5705
2025-07-15,e-영업3,전체,전체,전체,5614
2025-07-16,e-영업3,전체,전체,전체,5811
2025-07-17,e-영업3,전체,전체,전체,5370
2025-07-18,e-영업3,전체,전체,전체,5280
2025-07-19,e-영업3,전체,전체,전체,5442
2025-07-20,e-영업3,전체,전체,전체,6137
2025-07-21,e-영업3,전체,전체,전체,5753
2025-07-22,e-영업3,전체,전체,전체,4964
2025-07-23,e-영업3,전체,전체,전체,4783
2025-07-24,e-영업3,전체,전체,전체,4696
2025-07-25,e-영업3,전체,전체,전체,4436
2025-07-26,e-영업3,전체,전체,전체,4680
2025-07-27,e-영업3,전체,전체,전체,5501
2025-07-28,e-영업3,전체,전체,전체,5488
2025-07-29,e-영업3,전체,전체,전체,5150
2025-07-30,e-영업3,전체,전체,전체,5264
2025-07-31,e-영업3,전체,전체,전체,5242
2025-08-01,e-영업3,전체,전체,전체,5135
2025-08-02,e-영업3,전체,전체,전체,5111
2025-08-03,e-영업3,전체,전체,전체,5662
2025-08-04,e-영업3,전체,전체,전체,5725
2025-08-05,e-영업3,전체,전체,전체,5907
2025-08-06,e-영업3,전체,전체,전체,6368
2025-08-07,e-영업3,전체,전체,전체,6166
2025-08-08,e-영업3,전체,전체,전체,5603
2025-08-09,e-영업3,전체,전체,전체,5892
2025-08-10,e-영업3,전체,전체,전체,6471
2025-08-11,e-영업3,전체,전체,전체,6068
2025-08-12,e-영업3,전체,전체,전체,5629
2025-08-13,e-영업3,전체,전체,전체,5569
2025-08-14,e-영업3,전체,전체,전체,4922
2025-08-15,e-영업3,전체,전체,전체,5226
2025-08-16,e-영업3,전체,전체,전체,5494
2025-08-17,e-영업3,전체,전체,전체,5918
2025-08-18,e-영업3,전체,전체,전체,5992
2025-08-19,e-영업3,전체,전체,전체,5872
2025-08-20,e-영업3,전체,전체,전체,5888
2025-08-21,e-영업3,전체,전체,전체,5809
2025-08-22,e-영업3,전체,전체,전체,5337
2025-08-23,e-영업3,전체,전체,전체,5355
2025-08-24,e-영업3,전체,전체,전체,5799
2025-08-25,e-영업3,전체,전체,전체,5537
2025-08-26,e-영업3,전체,전체,전체,5815
2025-08-27,e-영업3,전체,전체,전체,5777
2025-08-28,e-영업3,전체,전체,전체,5490
2025-08-29,e-영업3,전체,전체,전체,5572
2025-08-30,e-영업3,전체,전체,전체,5791
2025-08-31,e-영업3,전체,전체,전체,6356
2025-09-01,e-영업3,전체,전체,전체,6206
2025-09-02,e-영업3,전체,전체,전체,6288
2025-09-03,e-영업3,전체,전체,전체,6244
2025-09-04,e-영업3,전체,전체,전체,5901
2025-09-05,e-영업3,전체,전체,전체,5499
2025-09-06,e-영업3,전체,전체,전체,5523
2025-09-07,e-영업3,전체,전체,전체,6170
2025-09-08,e-영업3,전체,전체,전체,6363
2025-09-09,e-영업3,전체,전체,전체,6653
2025-09-10,e-영업3,전체,전체,전체,6287
2025-09-11,e-영업3,전체,전체,전체,6265
2025-09-12,e-영업3,전체,전체,전체,6008
2025-09-13,e-영업3,전체,전체,전체,6854
2025-09-14,e-영업3,전체,전체,전체,6991
2025-09-15,e-영업3,전체,전체,전체,6477
2025-09-16,e-영업3,전체,전체,전체,6492
2025-09-17,e-영업3,전체,전체,전체,6674
2025-09-18,e-영업3,전체,전체,전체,6230
2025-09-19,e-영업3,전체,전체,전체,6197
2025-09-20,e-영업3,전체,전체,전체,6751
2025-09-21,e-영업3,전체,전체,전체,7383
2025-09-22,e-영업3,전체,전체,전체,7561
2025-09-23,e-영업3,전체,전체,전체,7443
2025-09-24,e-영업3,전체,전체,전체,7676
2025-09-25,e-영업3,전체,전체,전체,7254
2025-09-26,e-영업3,전체,전체,전체,6634
2025-09-27,e-영업3,전체,전체,전체,6383
2025-09-28,e-영업3,전체,전체,전체,7685
2025-09-29,e-영업3,전체,전체,전체,7118
2025-09-30,e-영업3,전체,전체,전체,6326
2025-10-01,e-영업3,전체,전체,전체,5411
2025-10-02,e-영업3,전체,전체,전체,4644
2025-10-03,e-영업3,전체,전체,전체,5140
2025-10-04,e-영업3,전체,전체,전체,5222
2025-10-05,e-영업3,전체,전체,전체,4911
2025-10-06,e-영업3,전체,전체,전체,4921
2025-10-07,e-영업3,전체,전체,전체,5848
2025-10-08,e-영업3,전체,전체,전체,6479
2025-10-09,e-영업3,전체,전체,전체,7399
2025-10-10,e-영업3,전체,전체,전체,7244
2025-10-11,e-영업3,전체,전체,전체,7307
2025-10-12,e-영업3,전체,전체,전체,8073
2025-10-13,e-영업3,전체,전체,전체,7927
2025-10-14,e-영업3,전체,전체,전체,7869
2025-10-15,e-영업3,전체,전체,전체,7371
2025-10-16,e-영업3,전체,전체,전체,6985
2025-10-17,e-영업3,전체,전체,전체,6890
2025-10-18,e-영업3,전체,전체,전체,7514
2025-10-19,e-영업3,전체,전체,전체,8802
2025-10-20,e-영업3,전체,전체,전체,9453
2025-10-21,e-영업3,전체,전체,전체,9435
2025-10-22,e-영업3,전체,전체,전체,9423
2025-10-23,e-영업3,전체,전체,전체,8339
2025-10-24,e-영업3,전체,전체,전체,7521
2025-10-25,e-영업3,전체,전체,전체,7234
2025-10-26,e-영업3,전체,전체,전체,8688
2025-10-27,e-영업3,전체,전체,전체,9191
2025-10-28,e-영업3,전체,전체,전체,8901
2025-10-29,e-영업3,전체,전체,전체,8290
2025-10-30,e-영업3,전체,전체,전체,7175
2025-10-31,e-영업3,전체,전체,전체,6157
2025-11-01,e-영업3,전체,전체,전체,6485
2025-11-02,e-영업3,전체,전체,전체,8216
2025-11-03,e-영업3,전체,전체,전체,8404
2025-11-04,e-영업3,전체,전체,전체,8033
2025-11-05,e-영업3,전체,전체,전체,7542
2025-11-06,e-영업3,전체,전체,전체,7236
2025-11-07,e-영업3,전체,전체,전체,7038
2025-11-08,e-영업3,전체,전체,전체,7894
2025-11-09,e-영업3,전체,전체,전체,8415
2025-11-10,e-영업3,전체,전체,전체,8797
2025-11-11,e-영업3,전체,전체,전체,8619
2025-11-12,e-영업3,전체,전체,전체,8690
2025-11-13,e-영업3,전체,전체,전체,7658
2025-11-14,e-영업3,전체,전체,전체,7518
2025-11-15,e-영업3,전체,전체,전체,7847
2025-11-16,e-영업3,전체,전체,전체,9385
2025-11-17,e-영업3,전체,전체,전체,9126
2025-11-18,e-영업3,전체,전체,전체,9304
2025-11-19,e-영업3,전체,전체,전체,8906
2025-11-20,e-영업3,전체,전체,전체,7830
2025-11-21,e-영업3,전체,전체,전체,7367
2025-11-22,e-영업3,전체,전체,전체,8127
2025-11-23,e-영업3,전체,전체,전체,9313
2025-11-24,e-영업3,전체,전체,전체,8870
2025-11-25,e-영업3,전체,전체,전체,8952
2025-11-26,e-영업3,전체,전체,전체,8356
2025-11-27,e-영업3,전체,전체,전체,8562
2025-11-28,e-영업3,전체,전체,전체,7770
2025-11-29,e-영업3,전체,전체,전체,7601
2025-11-30,e-영업3,전체,전체,전체,7744
2025-12-01,e-영업3,전체,전체,전체,8059
2025-12-02,e-영업3,전체,전체,전체,8228
2025-12-03,e-영업3,전체,전체,전체,8418
2025-12-04,e-영업3,전체,전체,전체,7887
2025-12-05,e-영업3,전체,전체,전체,7696
2025-12-06,e-영업3,전체,전체,전체,8047
2025-12-07,e-영업3,전체,전체,전체,9432
2025-12-08,e-영업3,전체,전체,전체,8949
2025-12-09,e-영업3,전체,전체,전체,9177
2025-12-10,e-영업3,전체,전체,전체,8409
2025-12-11,e-영업3,전체,전체,전체,8737
2025-12-12,e-영업3,전체,전체,전체,8355
2025-12-13,e-영업3,전체,전체,전체,9003
2025-12-14,e-영업3,전체,전체,전체,10133
2025-12-15,e-영업3,전체,전체,전체,9472
2025-12-16,e-영업3,전체,전체,전체,8175
2025-12-17,e-영업3,전체,전체,전체,8186
2025-12-18,e-영업3,전체,전체,전체,7269
2025-12-19,e-영업3,전체,전체,전체,6473
2025-12-20,e-영업3,전체,전체,전체,6539
2025-12-21,e-영업3,전체,전체,전체,7572
2025-12-22,e-영업3,전체,전체,전체,7846
2025-12-23,e-영업3,전체,전체,전체,8069
2025-12-24,e-영업3,전체,전체,전체,6475
2025-12-25,e-영업3,전체,전체,전체,7995
2025-12-26,e-영업3,전체,전체,전체,8009
2025-12-27,e-영업3,전체,전체,전체,8403
2025-12-28,e-영업3,전체,전체,전체,9130
2025-12-29,e-영업3,전체,전체,전체,8112
2025-12-30,e-영업3,전체,전체,전체,7220
2025-12-31,e-영업3,전체,전체,전체,6565
2026-01-01,e-영업3,전체,전체,전체,7764
2026-01-02,e-영업3,전체,전체,전체,7368
2026-01-03,e-영업3,전체,전체,전체,8003
2026-01-04,e-영업3,전체,전체,전체,8865
2026-01-05,e-영업3,전체,전체,전체,7343
2026-01-06,e-영업3,전체,전체,전체,7060
2026-01-07,e-영업3,전체,전체,전체,6927
2026-01-08,e-영업3,전체,전체,전체,6802
2026-01-09,e-영업3,전체,전체,전체,6581
2026-01-10,e-영업3,전체,전체,전체,7331
2026-01-11,e-영업3,전체,전체,전체,9722
2026-01-12,e-영업3,전체,전체,전체,8096
2026-01-13,e-영업3,전체,전체,전체,7500
2026-01-14,e-영업3,전체,전체,전체,7454
2026-01-15,e-영업3,전체,전체,전체,6876
2026-01-16,e-영업3,전체,전체,전체,6600
2026-01-17,e-영업3,전체,전체,전체,6954
2026-01-18,e-영업3,전체,전체,전체,7378
2026-01-19,e-영업3,전체,전체,전체,7390
2026-01-20,e-영업3,전체,전체,전체,7014
2026-01-21,e-영업3,전체,전체,전체,6924
2026-01-22,e-영업3,전체,전체,전체,6675
2026-01-23,e-영업3,전체,전체,전체,6269
2026-01-24,e-영업3,전체,전체,전체,7325
2026-01-25,e-영업3,전체,전체,전체,8089
2026-01-26,e-영업3,전체,전체,전체,7000
2026-01-27,e-영업3,전체,전체,전체,6759
2026-01-28,e-영업3,전체,전체,전체,6542
2026-01-29,e-영업3,전체,전체,전체,6406
2026-01-30,e-영업3,전체,전체,전체,6058
2026-01-31,e-영업3,전체,전체,전체,6146
2026-02-01,e-영업3,전체,전체,전체,7115
2026-02-02,e-영업3,전체,전체,전체,5976
2026-02-03,e-영업3,전체,전체,전체,6215
2026-02-04,e-영업3,전체,전체,전체,6281
2026-02-05,e-영업3,전체,전체,전체,5984
2026-02-06,e-영업3,전체,전체,전체,6025
2026-02-07,e-영업3,전체,전체,전체,6782
2026-02-08,e-영업3,전체,전체,전체,7622
2026-02-09,e-영업3,전체,전체,전체,6621
2026-02-10,e-영업3,전체,전체,전체,6337
2026-02-11,e-영업3,전체,전체,전체,6016
2026-02-12,e-영업3,전체,전체,전체,5806
2026-02-13,e-영업3,전체,전체,전체,5193
2026-02-14,e-영업3,전체,전체,전체,5887
2026-02-15,e-영업3,전체,전체,전체,6174
2026-02-16,e-영업3,전체,전체,전체,5687
2026-02-17,e-영업3,전체,전체,전체,5805
2026-02-18,e-영업3,전체,전체,전체,7834
2026-02-19,e-영업3,전체,전체,전체,8139
2026-02-20,e-영업3,전체,전체,전체,6850
2026-02-21,e-영업3,전체,전체,전체,7584
2026-02-22,e-영업3,전체,전체,전체,8480
2026-02-23,e-영업3,전체,전체,전체,7147
2026-02-24,e-영업3,전체,전체,전체,6712
2026-02-25,e-영업3,전체,전체,전체,6828
2026-02-26,e-영업3,전체,전체,전체,6602
2026-02-27,e-영업3,전체,전체,전체,6220
2026-02-28,e-영업3,전체,전체,전체,7655
2026-03-01,e-영업3,전체,전체,전체,8606
2026-03-02,e-영업3,전체,전체,전체,9260
2026-03-03,e-영업3,전체,전체,전체,7170
2026-03-04,e-영업3,전체,전체,전체,7260
2026-03-05,e-영업3,전체,전체,전체,7340
2026-03-06,e-영업3,전체,전체,전체,6851
2026-03-07,e-영업3,전체,전체,전체,7760
2026-03-08,e-영업3,전체,전체,전체,8714
2026-03-09,e-영업3,전체,전체,전체,7298
2026-03-10,e-영업3,전체,전체,전체,7004
2026-03-11,e-영업3,전체,전체,전체,7348
2026-03-12,e-영업3,전체,전체,전체,7166
2026-03-13,e-영업3,전체,전체,전체,6523
2026-03-14,e-영업3,전체,전체,전체,7129
2026-03-15,e-영업3,전체,전체,전체,8112
2026-03-16,e-영업3,전체,전체,전체,7673
2026-03-17,e-영업3,전체,전체,전체,7563
2026-03-18,e-영업3,전체,전체,전체,7204
2026-03-19,e-영업3,전체,전체,전체,7049
2026-03-20,e-영업3,전체,전체,전체,6870
2026-03-21,e-영업3,전체,전체,전체,7291
2026-03-22,e-영업3,전체,전체,전체,8132
2026-03-23,e-영업3,전체,전체,전체,7852
2026-03-24,e-영업3,전체,전체,전체,7823
2026-03-25,e-영업3,전체,전체,전체,7671
2026-03-26,e-영업3,전체,전체,전체,7311
2026-03-27,e-영업3,전체,전체,전체,6849
2026-03-28,e-영업3,전체,전체,전체,7479
2026-03-29,e-영업3,전체,전체,전체,8348
2026-03-30,e-영업3,전체,전체,전체,7232
2026-03-31,e-영업3,전체,전체,전체,6536
2026-04-01,e-영업3,전체,전체,전체,6323
2026-04-02,e-영업3,전체,전체,전체,5755
2026-04-03,e-영업3,전체,전체,전체,5272
2026-04-04,e-영업3,전체,전체,전체,5583
2026-04-05,e-영업3,전체,전체,전체,5830
2026-04-06,e-영업3,전체,전체,전체,5836
2026-04-07,e-영업3,전체,전체,전체,5831
2026-04-08,e-영업3,전체,전체,전체,5811
2026-04-09,e-영업3,전체,전체,전체,5633
2026-04-10,e-영업3,전체,전체,전체,4894
2026-04-11,e-영업3,전체,전체,전체,5511
2026-04-12,e-영업3,전체,전체,전체,6312
2026-04-13,e-영업3,전체,전체,전체,6374
2026-04-14,e-영업3,전체,전체,전체,6311
2026-04-15,e-영업3,전체,전체,전체,6138
2026-04-16,e-영업3,전체,전체,전체,6068
2026-04-17,e-영업3,전체,전체,전체,5563
2026-04-18,e-영업3,전체,전체,전체,5747
2026-04-19,e-영업3,전체,전체,전체,6519
2026-04-20,e-영업3,전체,전체,전체,6066
2026-04-21,e-영업3,전체,전체,전체,5847
2026-04-22,e-영업3,전체,전체,전체,5808
2026-04-23,e-영업3,전체,전체,전체,6181
2026-04-24,e-영업3,전체,전체,전체,5758
2026-04-25,e-영업3,전체,전체,전체,5771
2026-04-26,e-영업3,전체,전체,전체,6353
2026-04-27,e-영업3,전체,전체,전체,7776
2026-04-28,e-영업3,전체,전체,전체,8103
2026-04-29,e-영업3,전체,전체,전체,8342
2026-04-30,e-영업3,전체,전체,전체,7687
2026-05-01,e-영업3,전체,전체,전체,7568
2026-05-02,e-영업3,전체,전체,전체,8158
2026-05-03,e-영업3,전체,전체,전체,10759
2026-05-04,e-영업3,전체,전체,전체,9213
2026-05-05,e-영업3,전체,전체,전체,9999
2026-05-06,e-영업3,전체,전체,전체,8591
2026-05-07,e-영업3,전체,전체,전체,8116
2026-05-08,e-영업3,전체,전체,전체,7693
2026-05-09,e-영업3,전체,전체,전체,8611
2026-05-10,e-영업3,전체,전체,전체,9397
2026-05-11,e-영업3,전체,전체,전체,9450
2026-05-12,e-영업3,전체,전체,전체,9520
2026-05-13,e-영업3,전체,전체,전체,9357
2026-05-14,e-영업3,전체,전체,전체,8721
2026-05-15,e-영업3,전체,전체,전체,8196
2026-05-16,e-영업3,전체,전체,전체,8604
2026-05-17,e-영업3,전체,전체,전체,9934
2026-05-18,e-영업3,전체,전체,전체,9123
2026-05-19,e-영업3,전체,전체,전체,8658
2026-05-20,e-영업3,전체,전체,전체,8237
2026-05-21,e-영업3,전체,전체,전체,7766
2026-05-22,e-영업3,전체,전체,전체,7786
2026-05-23,e-영업3,전체,전체,전체,8659
2026-05-24,e-영업3,전체,전체,전체,9240
2026-05-25,e-영업3,전체,전체,전체,9980
2026-05-26,e-영업3,전체,전체,전체,9148
2026-05-27,e-영업3,전체,전체,전체,9135
2026-05-28,e-영업3,전체,전체,전체,9236
2026-05-29,e-영업3,전체,전체,전체,8466
2026-05-30,e-영업3,전체,전체,전체,9137
2026-05-31,e-영업3,전체,전체,전체,9982
2026-06-01,e-영업3,전체,전체,전체,9044
2026-06-02,e-영업3,전체,전체,전체,8788
2026-06-03,e-영업3,전체,전체,전체,9575
2026-06-04,e-영업3,전체,전체,전체,8562
2026-06-05,e-영업3,전체,전체,전체,8100
2026-06-06,e-영업3,전체,전체,전체,8355
2026-06-07,e-영업3,전체,전체,전체,8587
2026-06-08,e-영업3,전체,전체,전체,7387
2026-06-09,e-영업3,전체,전체,전체,7884
2026-06-10,e-영업3,전체,전체,전체,8918
2026-06-11,e-영업3,전체,전체,전체,7957
2026-06-12,e-영업3,전체,전체,전체,7600
2026-06-13,e-영업3,전체,전체,전체,7881
2026-06-14,e-영업3,전체,전체,전체,8962
2026-06-15,e-영업3,전체,전체,전체,8399
2026-06-16,e-영업3,전체,전체,전체,7706
2026-06-17,e-영업3,전체,전체,전체,7487
2026-06-18,e-영업3,전체,전체,전체,6874
2026-06-19,e-영업3,전체,전체,전체,6316
2026-06-20,e-영업3,전체,전체,전체,7073
2026-06-21,e-영업3,전체,전체,전체,7408
2026-06-22,e-영업3,전체,전체,전체,11305
2026-06-23,e-영업3,전체,전체,전체,6499
2026-06-24,e-영업3,전체,전체,전체,7143
2026-06-25,e-영업3,전체,전체,전체,6480
2026-06-26,e-영업3,전체,전체,전체,5797
2026-06-27,e-영업3,전체,전체,전체,6478
2026-06-28,e-영업3,전체,전체,전체,7412
2026-06-29,e-영업3,전체,전체,전체,6894
2026-06-30,e-영업3,전체,전체,전체,6697
2026-07-01,e-영업3,전체,전체,전체,6846
2026-07-02,e-영업3,전체,전체,전체,6328
2026-07-03,e-영업3,전체,전체,전체,5882
2026-07-04,e-영업3,전체,전체,전체,6494
2026-07-05,e-영업3,전체,전체,전체,8416
2026-07-06,e-영업3,전체,전체,전체,6627
2026-07-07,e-영업3,전체,전체,전체,7143
2026-07-08,e-영업3,전체,전체,전체,7003
2026-07-09,e-영업3,전체,전체,전체,6926
2026-07-10,e-영업3,전체,전체,전체,6177
2026-07-11,e-영업3,전체,전체,전체,6481
2026-07-12,e-영업3,전체,전체,전체,7052
2026-07-13,e-영업3,전체,전체,전체,6290
2026-07-14,e-영업3,전체,전체,전체,6721
2026-07-15,e-영업3,전체,전체,전체,6588
2026-07-16,e-영업3,전체,전체,전체,6140
2026-07-17,e-영업3,전체,전체,전체,6342
2026-07-18,e-영업3,전체,전체,전체,6599
2026-07-19,e-영업3,전체,전체,전체,6762
2026-07-20,e-영업3,전체,전체,전체,6622
2026-07-21,e-영업3,전체,전체,전체,6425
2026-07-22,e-영업3,전체,전체,전체,5967
2026-07-23,e-영업3,전체,전체,전체,6409
2026-07-24,e-영업3,전체,전체,전체,4798
2026-07-25,e-영업3,전체,전체,전체,4919
2026-07-26,e-영업3,전체,전체,전체,5952
2026-07-27,e-영업3,전체,전체,전체,5752
2026-07-28,e-영업3,전체,전체,전체,5085
2026-07-29,e-영업3,전체,전체,전체,5005
2026-07-30,e-영업3,전체,전체,전체,4589
2026-07-31,e-영업3,전체,전체,전체,4644
2026-08-01,e-영업3,전체,전체,전체,5025
2026-08-02,e-영업3,전체,전체,전체,6225
2026-08-03,e-영업3,전체,전체,전체,6900
2026-08-04,e-영업3,전체,전체,전체,6426
2026-08-05,e-영업3,전체,전체,전체,6909
2026-08-06,e-영업3,전체,전체,전체,6715
2026-08-07,e-영업3,전체,전체,전체,6669
2026-08-08,e-영업3,전체,전체,전체,6815
2026-08-09,e-영업3,전체,전체,전체,6857
2026-08-10,e-영업3,전체,전체,전체,6659
2026-08-11,e-영업3,전체,전체,전체,6253
2026-08-12,e-영업3,전체,전체,전체,6265
2025-01-01,e-영업4,전체,전체,전체,5184
2025-01-02,e-영업4,전체,전체,전체,5505
2025-01-03,e-영업4,전체,전체,전체,5413
2025-01-04,e-영업4,전체,전체,전체,5241
2025-01-05,e-영업4,전체,전체,전체,6120
2025-01-06,e-영업4,전체,전체,전체,5976
2025-01-07,e-영업4,전체,전체,전체,6687
2025-01-08,e-영업4,전체,전체,전체,6814
2025-01-09,e-영업4,전체,전체,전체,6100
2025-01-10,e-영업4,전체,전체,전체,6091
2025-01-11,e-영업4,전체,전체,전체,6237
2025-01-12,e-영업4,전체,전체,전체,7078
2025-01-13,e-영업4,전체,전체,전체,6295
2025-01-14,e-영업4,전체,전체,전체,6013
2025-01-15,e-영업4,전체,전체,전체,5589
2025-01-16,e-영업4,전체,전체,전체,5461
2025-01-17,e-영업4,전체,전체,전체,5267
2025-01-18,e-영업4,전체,전체,전체,5761
2025-01-19,e-영업4,전체,전체,전체,6257
2025-01-20,e-영업4,전체,전체,전체,5978
2025-01-21,e-영업4,전체,전체,전체,5584
2025-01-22,e-영업4,전체,전체,전체,5104
2025-01-23,e-영업4,전체,전체,전체,4544
2025-01-24,e-영업4,전체,전체,전체,3990
2025-01-25,e-영업4,전체,전체,전체,4119
2025-01-26,e-영업4,전체,전체,전체,4602
2025-01-27,e-영업4,전체,전체,전체,4599
2025-01-28,e-영업4,전체,전체,전체,4448
2025-01-29,e-영업4,전체,전체,전체,4598
2025-01-30,e-영업4,전체,전체,전체,5603
2025-01-31,e-영업4,전체,전체,전체,5658
2025-02-01,e-영업4,전체,전체,전체,6148
2025-02-02,e-영업4,전체,전체,전체,6368
2025-02-03,e-영업4,전체,전체,전체,6070
2025-02-04,e-영업4,전체,전체,전체,6016
2025-02-05,e-영업4,전체,전체,전체,5567
2025-02-06,e-영업4,전체,전체,전체,5294
2025-02-07,e-영업4,전체,전체,전체,5078
2025-02-08,e-영업4,전체,전체,전체,5230
2025-02-09,e-영업4,전체,전체,전체,5998
2025-02-10,e-영업4,전체,전체,전체,5682
2025-02-11,e-영업4,전체,전체,전체,5581
2025-02-12,e-영업4,전체,전체,전체,5674
2025-02-13,e-영업4,전체,전체,전체,5181
2025-02-14,e-영업4,전체,전체,전체,4493
2025-02-15,e-영업4,전체,전체,전체,5025
2025-02-16,e-영업4,전체,전체,전체,6030
2025-02-17,e-영업4,전체,전체,전체,5748
2025-02-18,e-영업4,전체,전체,전체,5833
2025-02-19,e-영업4,전체,전체,전체,5700
2025-02-20,e-영업4,전체,전체,전체,5580
2025-02-21,e-영업4,전체,전체,전체,5290
2025-02-22,e-영업4,전체,전체,전체,5623
2025-02-23,e-영업4,전체,전체,전체,6578
2025-02-24,e-영업4,전체,전체,전체,6335
2025-02-25,e-영업4,전체,전체,전체,6183
2025-02-26,e-영업4,전체,전체,전체,5955
2025-02-27,e-영업4,전체,전체,전체,4964
2025-02-28,e-영업4,전체,전체,전체,4732
2025-03-01,e-영업4,전체,전체,전체,5241
2025-03-02,e-영업4,전체,전체,전체,6059
2025-03-03,e-영업4,전체,전체,전체,6829
2025-03-04,e-영업4,전체,전체,전체,6159
2025-03-05,e-영업4,전체,전체,전체,5896
2025-03-06,e-영업4,전체,전체,전체,5927
2025-03-07,e-영업4,전체,전체,전체,5021
2025-03-08,e-영업4,전체,전체,전체,5363
2025-03-09,e-영업4,전체,전체,전체,6220
2025-03-10,e-영업4,전체,전체,전체,5884
2025-03-11,e-영업4,전체,전체,전체,5914
2025-03-12,e-영업4,전체,전체,전체,5881
2025-03-13,e-영업4,전체,전체,전체,5429
2025-03-14,e-영업4,전체,전체,전체,5439
2025-03-15,e-영업4,전체,전체,전체,5333
2025-03-16,e-영업4,전체,전체,전체,6520
2025-03-17,e-영업4,전체,전체,전체,5910
2025-03-18,e-영업4,전체,전체,전체,5965
2025-03-19,e-영업4,전체,전체,전체,5558
2025-03-20,e-영업4,전체,전체,전체,4974
2025-03-21,e-영업4,전체,전체,전체,4691
2025-03-22,e-영업4,전체,전체,전체,5222
2025-03-23,e-영업4,전체,전체,전체,6242
2025-03-24,e-영업4,전체,전체,전체,5840
2025-03-25,e-영업4,전체,전체,전체,5822
2025-03-26,e-영업4,전체,전체,전체,5421
2025-03-27,e-영업4,전체,전체,전체,5126
2025-03-28,e-영업4,전체,전체,전체,4331
2025-03-29,e-영업4,전체,전체,전체,4915
2025-03-30,e-영업4,전체,전체,전체,5704
2025-03-31,e-영업4,전체,전체,전체,5315
2025-04-01,e-영업4,전체,전체,전체,5488
2025-04-02,e-영업4,전체,전체,전체,4984
2025-04-03,e-영업4,전체,전체,전체,4713
2025-04-04,e-영업4,전체,전체,전체,4763
2025-04-05,e-영업4,전체,전체,전체,5119
2025-04-06,e-영업4,전체,전체,전체,5583
2025-04-07,e-영업4,전체,전체,전체,5169
2025-04-08,e-영업4,전체,전체,전체,5426
2025-04-09,e-영업4,전체,전체,전체,5218
2025-04-10,e-영업4,전체,전체,전체,5062
2025-04-11,e-영업4,전체,전체,전체,4926
2025-04-12,e-영업4,전체,전체,전체,5918
2025-04-13,e-영업4,전체,전체,전체,6480
2025-04-14,e-영업4,전체,전체,전체,5851
2025-04-15,e-영업4,전체,전체,전체,5543
2025-04-16,e-영업4,전체,전체,전체,5454
2025-04-17,e-영업4,전체,전체,전체,5300
2025-04-18,e-영업4,전체,전체,전체,5354
2025-04-19,e-영업4,전체,전체,전체,6099
2025-04-20,e-영업4,전체,전체,전체,6948
2025-04-21,e-영업4,전체,전체,전체,6656
2025-04-22,e-영업4,전체,전체,전체,5879
2025-04-23,e-영업4,전체,전체,전체,5623
2025-04-24,e-영업4,전체,전체,전체,5190
2025-04-25,e-영업4,전체,전체,전체,4753
2025-04-26,e-영업4,전체,전체,전체,5406
2025-04-27,e-영업4,전체,전체,전체,6292
2025-04-28,e-영업4,전체,전체,전체,5648
2025-04-29,e-영업4,전체,전체,전체,5706
2025-04-30,e-영업4,전체,전체,전체,5294
2025-05-01,e-영업4,전체,전체,전체,5675
2025-05-02,e-영업4,전체,전체,전체,4862
2025-05-03,e-영업4,전체,전체,전체,5033
2025-05-04,e-영업4,전체,전체,전체,5031
2025-05-05,e-영업4,전체,전체,전체,5597
2025-05-06,e-영업4,전체,전체,전체,6602
2025-05-07,e-영업4,전체,전체,전체,5708
2025-05-08,e-영업4,전체,전체,전체,5179
2025-05-09,e-영업4,전체,전체,전체,5030
2025-05-10,e-영업4,전체,전체,전체,5355
2025-05-11,e-영업4,전체,전체,전체,5811
2025-05-12,e-영업4,전체,전체,전체,5698
2025-05-13,e-영업4,전체,전체,전체,5795
2025-05-14,e-영업4,전체,전체,전체,5336
2025-05-15,e-영업4,전체,전체,전체,5148
2025-05-16,e-영업4,전체,전체,전체,4634
2025-05-17,e-영업4,전체,전체,전체,4616
2025-05-18,e-영업4,전체,전체,전체,5348
2025-05-19,e-영업4,전체,전체,전체,5233
2025-05-20,e-영업4,전체,전체,전체,4799
2025-05-21,e-영업4,전체,전체,전체,4967
2025-05-22,e-영업4,전체,전체,전체,4570
2025-05-23,e-영업4,전체,전체,전체,4408
2025-05-24,e-영업4,전체,전체,전체,4583
2025-05-25,e-영업4,전체,전체,전체,5120
2025-05-26,e-영업4,전체,전체,전체,4783
2025-05-27,e-영업4,전체,전체,전체,4657
2025-05-28,e-영업4,전체,전체,전체,4288
2025-05-29,e-영업4,전체,전체,전체,4162
2025-05-30,e-영업4,전체,전체,전체,3767
2025-05-31,e-영업4,전체,전체,전체,4233
2025-06-01,e-영업4,전체,전체,전체,5276
2025-06-02,e-영업4,전체,전체,전체,4707
2025-06-03,e-영업4,전체,전체,전체,5447
2025-06-04,e-영업4,전체,전체,전체,5164
2025-06-05,e-영업4,전체,전체,전체,4240
2025-06-06,e-영업4,전체,전체,전체,4297
2025-06-07,e-영업4,전체,전체,전체,4684
2025-06-08,e-영업4,전체,전체,전체,5421
2025-06-09,e-영업4,전체,전체,전체,4696
2025-06-10,e-영업4,전체,전체,전체,4382
2025-06-11,e-영업4,전체,전체,전체,4388
2025-06-12,e-영업4,전체,전체,전체,4106
2025-06-13,e-영업4,전체,전체,전체,3905
2025-06-14,e-영업4,전체,전체,전체,4065
2025-06-15,e-영업4,전체,전체,전체,4801
2025-06-16,e-영업4,전체,전체,전체,4637
2025-06-17,e-영업4,전체,전체,전체,4456
2025-06-18,e-영업4,전체,전체,전체,4248
2025-06-19,e-영업4,전체,전체,전체,4095
2025-06-20,e-영업4,전체,전체,전체,3728
2025-06-21,e-영업4,전체,전체,전체,3842
2025-06-22,e-영업4,전체,전체,전체,4354
2025-06-23,e-영업4,전체,전체,전체,4269
2025-06-24,e-영업4,전체,전체,전체,3984
2025-06-25,e-영업4,전체,전체,전체,3937
2025-06-26,e-영업4,전체,전체,전체,4069
2025-06-27,e-영업4,전체,전체,전체,3677
2025-06-28,e-영업4,전체,전체,전체,3744
2025-06-29,e-영업4,전체,전체,전체,4482
2025-06-30,e-영업4,전체,전체,전체,4295
2025-07-01,e-영업4,전체,전체,전체,4469
2025-07-02,e-영업4,전체,전체,전체,4117
2025-07-03,e-영업4,전체,전체,전체,3932
2025-07-04,e-영업4,전체,전체,전체,3454
2025-07-05,e-영업4,전체,전체,전체,3799
2025-07-06,e-영업4,전체,전체,전체,4377
2025-07-07,e-영업4,전체,전체,전체,4249
2025-07-08,e-영업4,전체,전체,전체,4813
2025-07-09,e-영업4,전체,전체,전체,5273
2025-07-10,e-영업4,전체,전체,전체,4842
2025-07-11,e-영업4,전체,전체,전체,4128
2025-07-12,e-영업4,전체,전체,전체,4111
2025-07-13,e-영업4,전체,전체,전체,4638
2025-07-14,e-영업4,전체,전체,전체,4319
2025-07-15,e-영업4,전체,전체,전체,4437
2025-07-16,e-영업4,전체,전체,전체,4317
2025-07-17,e-영업4,전체,전체,전체,3804
2025-07-18,e-영업4,전체,전체,전체,3491
2025-07-19,e-영업4,전체,전체,전체,3555
2025-07-20,e-영업4,전체,전체,전체,4007
2025-07-21,e-영업4,전체,전체,전체,4858
2025-07-22,e-영업4,전체,전체,전체,4416
2025-07-23,e-영업4,전체,전체,전체,4344
2025-07-24,e-영업4,전체,전체,전체,3824
2025-07-25,e-영업4,전체,전체,전체,3607
2025-07-26,e-영업4,전체,전체,전체,3749
2025-07-27,e-영업4,전체,전체,전체,4755
2025-07-28,e-영업4,전체,전체,전체,4384
2025-07-29,e-영업4,전체,전체,전체,4168
2025-07-30,e-영업4,전체,전체,전체,3908
2025-07-31,e-영업4,전체,전체,전체,3546
2025-08-01,e-영업4,전체,전체,전체,3413
2025-08-02,e-영업4,전체,전체,전체,3603
2025-08-03,e-영업4,전체,전체,전체,4089
2025-08-04,e-영업4,전체,전체,전체,4435
2025-08-05,e-영업4,전체,전체,전체,4246
2025-08-06,e-영업4,전체,전체,전체,4235
2025-08-07,e-영업4,전체,전체,전체,4275
2025-08-08,e-영업4,전체,전체,전체,3941
2025-08-09,e-영업4,전체,전체,전체,4063
2025-08-10,e-영업4,전체,전체,전체,4674
2025-08-11,e-영업4,전체,전체,전체,4315
2025-08-12,e-영업4,전체,전체,전체,3979
2025-08-13,e-영업4,전체,전체,전체,3716
2025-08-14,e-영업4,전체,전체,전체,3164
2025-08-15,e-영업4,전체,전체,전체,3385
2025-08-16,e-영업4,전체,전체,전체,3693
2025-08-17,e-영업4,전체,전체,전체,4107
2025-08-18,e-영업4,전체,전체,전체,4140
2025-08-19,e-영업4,전체,전체,전체,3727
2025-08-20,e-영업4,전체,전체,전체,3673
2025-08-21,e-영업4,전체,전체,전체,3375
2025-08-22,e-영업4,전체,전체,전체,3340
2025-08-23,e-영업4,전체,전체,전체,3362
2025-08-24,e-영업4,전체,전체,전체,3895
2025-08-25,e-영업4,전체,전체,전체,3858
2025-08-26,e-영업4,전체,전체,전체,3752
2025-08-27,e-영업4,전체,전체,전체,3503
2025-08-28,e-영업4,전체,전체,전체,3403
2025-08-29,e-영업4,전체,전체,전체,3657
2025-08-30,e-영업4,전체,전체,전체,3611
2025-08-31,e-영업4,전체,전체,전체,4276
2025-09-01,e-영업4,전체,전체,전체,4495
2025-09-02,e-영업4,전체,전체,전체,4412
2025-09-03,e-영업4,전체,전체,전체,4222
2025-09-04,e-영업4,전체,전체,전체,4076
2025-09-05,e-영업4,전체,전체,전체,3572
2025-09-06,e-영업4,전체,전체,전체,3460
2025-09-07,e-영업4,전체,전체,전체,4026
2025-09-08,e-영업4,전체,전체,전체,4013
2025-09-09,e-영업4,전체,전체,전체,3810
2025-09-10,e-영업4,전체,전체,전체,3637
2025-09-11,e-영업4,전체,전체,전체,3778
2025-09-12,e-영업4,전체,전체,전체,3584
2025-09-13,e-영업4,전체,전체,전체,3773
2025-09-14,e-영업4,전체,전체,전체,4268
2025-09-15,e-영업4,전체,전체,전체,4170
2025-09-16,e-영업4,전체,전체,전체,4073
2025-09-17,e-영업4,전체,전체,전체,4041
2025-09-18,e-영업4,전체,전체,전체,3768
2025-09-19,e-영업4,전체,전체,전체,4061
2025-09-20,e-영업4,전체,전체,전체,4081
2025-09-21,e-영업4,전체,전체,전체,4747
2025-09-22,e-영업4,전체,전체,전체,4598
2025-09-23,e-영업4,전체,전체,전체,4559
2025-09-24,e-영업4,전체,전체,전체,4707
2025-09-25,e-영업4,전체,전체,전체,4331
2025-09-26,e-영업4,전체,전체,전체,3910
2025-09-27,e-영업4,전체,전체,전체,3716
2025-09-28,e-영업4,전체,전체,전체,4715
2025-09-29,e-영업4,전체,전체,전체,4369
2025-09-30,e-영업4,전체,전체,전체,3767
2025-10-01,e-영업4,전체,전체,전체,3500
2025-10-02,e-영업4,전체,전체,전체,3219
2025-10-03,e-영업4,전체,전체,전체,3372
2025-10-04,e-영업4,전체,전체,전체,3195
2025-10-05,e-영업4,전체,전체,전체,3036
2025-10-06,e-영업4,전체,전체,전체,3189
2025-10-07,e-영업4,전체,전체,전체,3922
2025-10-08,e-영업4,전체,전체,전체,4182
2025-10-09,e-영업4,전체,전체,전체,4939
2025-10-10,e-영업4,전체,전체,전체,5121
2025-10-11,e-영업4,전체,전체,전체,4844
2025-10-12,e-영업4,전체,전체,전체,5464
2025-10-13,e-영업4,전체,전체,전체,5622
2025-10-14,e-영업4,전체,전체,전체,4870
2025-10-15,e-영업4,전체,전체,전체,4692
2025-10-16,e-영업4,전체,전체,전체,4417
2025-10-17,e-영업4,전체,전체,전체,4222
2025-10-18,e-영업4,전체,전체,전체,4579
2025-10-19,e-영업4,전체,전체,전체,5312
2025-10-20,e-영업4,전체,전체,전체,5960
2025-10-21,e-영업4,전체,전체,전체,5744
2025-10-22,e-영업4,전체,전체,전체,5410
2025-10-23,e-영업4,전체,전체,전체,4904
2025-10-24,e-영업4,전체,전체,전체,4494
2025-10-25,e-영업4,전체,전체,전체,4504
2025-10-26,e-영업4,전체,전체,전체,5264
2025-10-27,e-영업4,전체,전체,전체,6069
2025-10-28,e-영업4,전체,전체,전체,6317
2025-10-29,e-영업4,전체,전체,전체,5540
2025-10-30,e-영업4,전체,전체,전체,4750
2025-10-31,e-영업4,전체,전체,전체,4531
2025-11-01,e-영업4,전체,전체,전체,4758
2025-11-02,e-영업4,전체,전체,전체,6418
2025-11-03,e-영업4,전체,전체,전체,5995
2025-11-04,e-영업4,전체,전체,전체,5352
2025-11-05,e-영업4,전체,전체,전체,4809
2025-11-06,e-영업4,전체,전체,전체,4690
2025-11-07,e-영업4,전체,전체,전체,4053
2025-11-08,e-영업4,전체,전체,전체,4124
2025-11-09,e-영업4,전체,전체,전체,4847
2025-11-10,e-영업4,전체,전체,전체,5014
2025-11-11,e-영업4,전체,전체,전체,4717
2025-11-12,e-영업4,전체,전체,전체,4618
2025-11-13,e-영업4,전체,전체,전체,4538
2025-11-14,e-영업4,전체,전체,전체,4344
2025-11-15,e-영업4,전체,전체,전체,4403
2025-11-16,e-영업4,전체,전체,전체,5352
2025-11-17,e-영업4,전체,전체,전체,5433
2025-11-18,e-영업4,전체,전체,전체,5520
2025-11-19,e-영업4,전체,전체,전체,4558
2025-11-20,e-영업4,전체,전체,전체,3929
2025-11-21,e-영업4,전체,전체,전체,3870
2025-11-22,e-영업4,전체,전체,전체,3931
2025-11-23,e-영업4,전체,전체,전체,4791
2025-11-24,e-영업4,전체,전체,전체,4980
2025-11-25,e-영업4,전체,전체,전체,5294
2025-11-26,e-영업4,전체,전체,전체,4871
2025-11-27,e-영업4,전체,전체,전체,4604
2025-11-28,e-영업4,전체,전체,전체,4359
2025-11-29,e-영업4,전체,전체,전체,3849
2025-11-30,e-영업4,전체,전체,전체,4036
2025-12-01,e-영업4,전체,전체,전체,4507
2025-12-02,e-영업4,전체,전체,전체,4381
2025-12-03,e-영업4,전체,전체,전체,4668
2025-12-04,e-영업4,전체,전체,전체,4332
2025-12-05,e-영업4,전체,전체,전체,3780
2025-12-06,e-영업4,전체,전체,전체,3791
2025-12-07,e-영업4,전체,전체,전체,3987
2025-12-08,e-영업4,전체,전체,전체,3937
2025-12-09,e-영업4,전체,전체,전체,4092
2025-12-10,e-영업4,전체,전체,전체,4047
2025-12-11,e-영업4,전체,전체,전체,4258
2025-12-12,e-영업4,전체,전체,전체,4417
2025-12-13,e-영업4,전체,전체,전체,4426
2025-12-14,e-영업4,전체,전체,전체,4518
2025-12-15,e-영업4,전체,전체,전체,4662
2025-12-16,e-영업4,전체,전체,전체,3942
2025-12-17,e-영업4,전체,전체,전체,3697
2025-12-18,e-영업4,전체,전체,전체,3178
2025-12-19,e-영업4,전체,전체,전체,3205
2025-12-20,e-영업4,전체,전체,전체,3071
2025-12-21,e-영업4,전체,전체,전체,3332
2025-12-22,e-영업4,전체,전체,전체,3533
2025-12-23,e-영업4,전체,전체,전체,3331
2025-12-24,e-영업4,전체,전체,전체,2867
2025-12-25,e-영업4,전체,전체,전체,3740
2025-12-26,e-영업4,전체,전체,전체,4021
2025-12-27,e-영업4,전체,전체,전체,3923
2025-12-28,e-영업4,전체,전체,전체,4412
2025-12-29,e-영업4,전체,전체,전체,4097
2025-12-30,e-영업4,전체,전체,전체,3745
2025-12-31,e-영업4,전체,전체,전체,3400
2026-01-01,e-영업4,전체,전체,전체,4038
2026-01-02,e-영업4,전체,전체,전체,4039
2026-01-03,e-영업4,전체,전체,전체,3629
2026-01-04,e-영업4,전체,전체,전체,4629
2026-01-05,e-영업4,전체,전체,전체,3654
2026-01-06,e-영업4,전체,전체,전체,3934
2026-01-07,e-영업4,전체,전체,전체,3860
2026-01-08,e-영업4,전체,전체,전체,3569
2026-01-09,e-영업4,전체,전체,전체,3206
2026-01-10,e-영업4,전체,전체,전체,3482
2026-01-11,e-영업4,전체,전체,전체,4074
2026-01-12,e-영업4,전체,전체,전체,3813
2026-01-13,e-영업4,전체,전체,전체,3992
2026-01-14,e-영업4,전체,전체,전체,4253
2026-01-15,e-영업4,전체,전체,전체,3486
2026-01-16,e-영업4,전체,전체,전체,3466
2026-01-17,e-영업4,전체,전체,전체,3544
2026-01-18,e-영업4,전체,전체,전체,3840
2026-01-19,e-영업4,전체,전체,전체,4020
2026-01-20,e-영업4,전체,전체,전체,3889
2026-01-21,e-영업4,전체,전체,전체,3842
2026-01-22,e-영업4,전체,전체,전체,3744
2026-01-23,e-영업4,전체,전체,전체,3260
2026-01-24,e-영업4,전체,전체,전체,3386
2026-01-25,e-영업4,전체,전체,전체,4012
2026-01-26,e-영업4,전체,전체,전체,3721
2026-01-27,e-영업4,전체,전체,전체,3781
2026-01-28,e-영업4,전체,전체,전체,3435
2026-01-29,e-영업4,전체,전체,전체,3224
2026-01-30,e-영업4,전체,전체,전체,2909
2026-01-31,e-영업4,전체,전체,전체,3261
2026-02-01,e-영업4,전체,전체,전체,3722
2026-02-02,e-영업4,전체,전체,전체,3792
2026-02-03,e-영업4,전체,전체,전체,3666
2026-02-04,e-영업4,전체,전체,전체,3832
2026-02-05,e-영업4,전체,전체,전체,3518
2026-02-06,e-영업4,전체,전체,전체,3692
2026-02-07,e-영업4,전체,전체,전체,3782
2026-02-08,e-영업4,전체,전체,전체,4570
2026-02-09,e-영업4,전체,전체,전체,3973
2026-02-10,e-영업4,전체,전체,전체,3503
2026-02-11,e-영업4,전체,전체,전체,3276
2026-02-12,e-영업4,전체,전체,전체,3162
2026-02-13,e-영업4,전체,전체,전체,3039
2026-02-14,e-영업4,전체,전체,전체,2918
2026-02-15,e-영업4,전체,전체,전체,2950
2026-02-16,e-영업4,전체,전체,전체,3192
2026-02-17,e-영업4,전체,전체,전체,3334
2026-02-18,e-영업4,전체,전체,전체,4548
2026-02-19,e-영업4,전체,전체,전체,4800
2026-02-20,e-영업4,전체,전체,전체,3864
2026-02-21,e-영업4,전체,전체,전체,4263
2026-02-22,e-영업4,전체,전체,전체,4633
2026-02-23,e-영업4,전체,전체,전체,4400
2026-02-24,e-영업4,전체,전체,전체,4392
2026-02-25,e-영업4,전체,전체,전체,4640
2026-02-26,e-영업4,전체,전체,전체,4085
2026-02-27,e-영업4,전체,전체,전체,3832
2026-02-28,e-영업4,전체,전체,전체,4038
2026-03-01,e-영업4,전체,전체,전체,5080
2026-03-02,e-영업4,전체,전체,전체,5106
2026-03-03,e-영업4,전체,전체,전체,4321
2026-03-04,e-영업4,전체,전체,전체,4529
2026-03-05,e-영업4,전체,전체,전체,4359
2026-03-06,e-영업4,전체,전체,전체,3954
2026-03-07,e-영업4,전체,전체,전체,4188
2026-03-08,e-영업4,전체,전체,전체,4420
2026-03-09,e-영업4,전체,전체,전체,4153
2026-03-10,e-영업4,전체,전체,전체,3776
2026-03-11,e-영업4,전체,전체,전체,3915
2026-03-12,e-영업4,전체,전체,전체,3815
2026-03-13,e-영업4,전체,전체,전체,3689
2026-03-14,e-영업4,전체,전체,전체,4021
2026-03-15,e-영업4,전체,전체,전체,4867
2026-03-16,e-영업4,전체,전체,전체,4525
2026-03-17,e-영업4,전체,전체,전체,4498
2026-03-18,e-영업4,전체,전체,전체,4401
2026-03-19,e-영업4,전체,전체,전체,3980
2026-03-20,e-영업4,전체,전체,전체,3579
2026-03-21,e-영업4,전체,전체,전체,3700
2026-03-22,e-영업4,전체,전체,전체,4462
2026-03-23,e-영업4,전체,전체,전체,3940
2026-03-24,e-영업4,전체,전체,전체,4134
2026-03-25,e-영업4,전체,전체,전체,4245
2026-03-26,e-영업4,전체,전체,전체,3838
2026-03-27,e-영업4,전체,전체,전체,3795
2026-03-28,e-영업4,전체,전체,전체,4123
2026-03-29,e-영업4,전체,전체,전체,4707
2026-03-30,e-영업4,전체,전체,전체,4420
2026-03-31,e-영업4,전체,전체,전체,4516
2026-04-01,e-영업4,전체,전체,전체,4524
2026-04-02,e-영업4,전체,전체,전체,4252
2026-04-03,e-영업4,전체,전체,전체,4167
2026-04-04,e-영업4,전체,전체,전체,4135
2026-04-05,e-영업4,전체,전체,전체,4522
2026-04-06,e-영업4,전체,전체,전체,4233
2026-04-07,e-영업4,전체,전체,전체,4507
2026-04-08,e-영업4,전체,전체,전체,4338
2026-04-09,e-영업4,전체,전체,전체,4112
2026-04-10,e-영업4,전체,전체,전체,3658
2026-04-11,e-영업4,전체,전체,전체,4173
2026-04-12,e-영업4,전체,전체,전체,4510
2026-04-13,e-영업4,전체,전체,전체,4910
2026-04-14,e-영업4,전체,전체,전체,5055
2026-04-15,e-영업4,전체,전체,전체,4556
2026-04-16,e-영업4,전체,전체,전체,4157
2026-04-17,e-영업4,전체,전체,전체,4117
2026-04-18,e-영업4,전체,전체,전체,4290
2026-04-19,e-영업4,전체,전체,전체,4998
2026-04-20,e-영업4,전체,전체,전체,4660
2026-04-21,e-영업4,전체,전체,전체,4535
2026-04-22,e-영업4,전체,전체,전체,4553
2026-04-23,e-영업4,전체,전체,전체,4596
2026-04-24,e-영업4,전체,전체,전체,4075
2026-04-25,e-영업4,전체,전체,전체,3823
2026-04-26,e-영업4,전체,전체,전체,4363
2026-04-27,e-영업4,전체,전체,전체,5776
2026-04-28,e-영업4,전체,전체,전체,6486
2026-04-29,e-영업4,전체,전체,전체,6798
2026-04-30,e-영업4,전체,전체,전체,5960
2026-05-01,e-영업4,전체,전체,전체,5818
2026-05-02,e-영업4,전체,전체,전체,6469
2026-05-03,e-영업4,전체,전체,전체,8809
2026-05-04,e-영업4,전체,전체,전체,8946
2026-05-05,e-영업4,전체,전체,전체,9424
2026-05-06,e-영업4,전체,전체,전체,7708
2026-05-07,e-영업4,전체,전체,전체,6723
2026-05-08,e-영업4,전체,전체,전체,5924
2026-05-09,e-영업4,전체,전체,전체,6727
2026-05-10,e-영업4,전체,전체,전체,7387
2026-05-11,e-영업4,전체,전체,전체,7560
2026-05-12,e-영업4,전체,전체,전체,8568
2026-05-13,e-영업4,전체,전체,전체,8055
2026-05-14,e-영업4,전체,전체,전체,6998
2026-05-15,e-영업4,전체,전체,전체,5873
2026-05-16,e-영업4,전체,전체,전체,6114
2026-05-17,e-영업4,전체,전체,전체,7094
2026-05-18,e-영업4,전체,전체,전체,6648
2026-05-19,e-영업4,전체,전체,전체,6337
2026-05-20,e-영업4,전체,전체,전체,7175
2026-05-21,e-영업4,전체,전체,전체,6543
2026-05-22,e-영업4,전체,전체,전체,6102
2026-05-23,e-영업4,전체,전체,전체,6515
2026-05-24,e-영업4,전체,전체,전체,6708
2026-05-25,e-영업4,전체,전체,전체,7131
2026-05-26,e-영업4,전체,전체,전체,6874
2026-05-27,e-영업4,전체,전체,전체,6644
2026-05-28,e-영업4,전체,전체,전체,6322
2026-05-29,e-영업4,전체,전체,전체,5850
2026-05-30,e-영업4,전체,전체,전체,6325
2026-05-31,e-영업4,전체,전체,전체,7267
2026-06-01,e-영업4,전체,전체,전체,7376
2026-06-02,e-영업4,전체,전체,전체,6649
2026-06-03,e-영업4,전체,전체,전체,6898
2026-06-04,e-영업4,전체,전체,전체,6337
2026-06-05,e-영업4,전체,전체,전체,5837
2026-06-06,e-영업4,전체,전체,전체,5734
2026-06-07,e-영업4,전체,전체,전체,5693
2026-06-08,e-영업4,전체,전체,전체,4492
2026-06-09,e-영업4,전체,전체,전체,5418
2026-06-10,e-영업4,전체,전체,전체,5912
2026-06-11,e-영업4,전체,전체,전체,5496
2026-06-12,e-영업4,전체,전체,전체,5092
2026-06-13,e-영업4,전체,전체,전체,5450
2026-06-14,e-영업4,전체,전체,전체,6344
2026-06-15,e-영업4,전체,전체,전체,5262
2026-06-16,e-영업4,전체,전체,전체,5037
2026-06-17,e-영업4,전체,전체,전체,4828
2026-06-18,e-영업4,전체,전체,전체,4496
2026-06-19,e-영업4,전체,전체,전체,4017
2026-06-20,e-영업4,전체,전체,전체,4591
2026-06-21,e-영업4,전체,전체,전체,4772
2026-06-22,e-영업4,전체,전체,전체,6865
2026-06-23,e-영업4,전체,전체,전체,4014
2026-06-24,e-영업4,전체,전체,전체,4096
2026-06-25,e-영업4,전체,전체,전체,3562
2026-06-26,e-영업4,전체,전체,전체,3338
2026-06-27,e-영업4,전체,전체,전체,3662
2026-06-28,e-영업4,전체,전체,전체,4292
2026-06-29,e-영업4,전체,전체,전체,4050
2026-06-30,e-영업4,전체,전체,전체,4115
2026-07-01,e-영업4,전체,전체,전체,3920
2026-07-02,e-영업4,전체,전체,전체,3768
2026-07-03,e-영업4,전체,전체,전체,3366
2026-07-04,e-영업4,전체,전체,전체,4086
2026-07-05,e-영업4,전체,전체,전체,4754
2026-07-06,e-영업4,전체,전체,전체,5088
2026-07-07,e-영업4,전체,전체,전체,4582
2026-07-08,e-영업4,전체,전체,전체,4500
2026-07-09,e-영업4,전체,전체,전체,4237
2026-07-10,e-영업4,전체,전체,전체,3645
2026-07-11,e-영업4,전체,전체,전체,4139
2026-07-12,e-영업4,전체,전체,전체,4966
2026-07-13,e-영업4,전체,전체,전체,4392
2026-07-14,e-영업4,전체,전체,전체,4368
2026-07-15,e-영업4,전체,전체,전체,3824
2026-07-16,e-영업4,전체,전체,전체,3340
2026-07-17,e-영업4,전체,전체,전체,3777
2026-07-18,e-영업4,전체,전체,전체,4140
2026-07-19,e-영업4,전체,전체,전체,4695
2026-07-20,e-영업4,전체,전체,전체,4654
2026-07-21,e-영업4,전체,전체,전체,4656
2026-07-22,e-영업4,전체,전체,전체,4244
2026-07-23,e-영업4,전체,전체,전체,3983
2026-07-24,e-영업4,전체,전체,전체,3221
2026-07-25,e-영업4,전체,전체,전체,3226
2026-07-26,e-영업4,전체,전체,전체,4185
2026-07-27,e-영업4,전체,전체,전체,3740
2026-07-28,e-영업4,전체,전체,전체,3107
2026-07-29,e-영업4,전체,전체,전체,2769
2026-07-30,e-영업4,전체,전체,전체,2790
2026-07-31,e-영업4,전체,전체,전체,2595
2026-08-01,e-영업4,전체,전체,전체,2867
2026-08-02,e-영업4,전체,전체,전체,4228
2026-08-03,e-영업4,전체,전체,전체,4973
2026-08-04,e-영업4,전체,전체,전체,4643
2026-08-05,e-영업4,전체,전체,전체,4775
2026-08-06,e-영업4,전체,전체,전체,4484
2026-08-07,e-영업4,전체,전체,전체,3971
2026-08-08,e-영업4,전체,전체,전체,4058
2026-08-09,e-영업4,전체,전체,전체,4610
2026-08-10,e-영업4,전체,전체,전체,4326
2026-08-11,e-영업4,전체,전체,전체,4351
2026-08-12,e-영업4,전체,전체,전체,4327
