날짜,채널,거래액,트래픽
2025-01-01,EP,119468409,19241
2025-01-01,전체,1246471273,247766
2025-01-02,EP,71818577,19190
2025-01-02,전체,457241934,239062
2025-01-03,EP,104988382,18708
2025-01-03,전체,712849624,236341
2025-01-04,EP,132942918,19851
2025-01-04,전체,1219286223,253579
2025-01-05,EP,144562868,20883
2025-01-05,전체,1567484965,259482
2025-01-06,EP,78513077,20240
2025-01-06,전체,526210845,242570
2025-01-07,EP,124588921,21278
2025-01-07,전체,1365679380,272946
2025-01-08,EP,143684870,21442
2025-01-08,전체,1385444824,276520
2025-01-09,EP,100124509,19896
2025-01-09,전체,687287808,250985
2025-01-10,EP,115164373,18739
2025-01-10,전체,619303326,238335
2025-01-11,EP,127811964,20286
2025-01-11,전체,1020263864,252875
2025-01-12,EP,156476400,22128
2025-01-12,전체,1395319767,258864
2025-01-13,EP,91914945,20814
2025-01-13,전체,727833335,247864
2025-01-14,EP,97348585,20261
2025-01-14,전체,766338819,246768
2025-01-15,EP,108518966,20112
2025-01-15,전체,799256139,246820
2025-01-16,EP,89018218,18623
2025-01-16,전체,785960045,237200
2025-01-17,EP,95223164,17625
2025-01-17,전체,846179957,239693
2025-01-18,EP,109757355,18591
2025-01-18,전체,991264054,242241
2025-01-19,EP,158596050,20178
2025-01-19,전체,1413316327,256001
2025-01-20,EP,91531218,19218
2025-01-20,전체,813499617,246032
2025-01-21,EP,92129085,18555
2025-01-21,전체,695494956,240033
2025-01-22,EP,87699545,17595
2025-01-22,전체,825536033,242019
2025-01-23,EP,89981036,16303
2025-01-23,전체,748797327,226942
2025-01-24,EP,72351718,14279
2025-01-24,전체,663624175,223471
2025-01-25,EP,117616891,15148
2025-01-25,전체,1064160255,223937
2025-01-26,EP,90965482,16411
2025-01-26,전체,788408518,230079
2025-01-27,EP,122229645,16275
2025-01-27,전체,707373004,215367
2025-01-28,EP,96222918,15440
2025-01-28,전체,607329215,201663
2025-01-29,EP,114016264,15823
2025-01-29,전체,695377544,208695
2025-01-30,EP,133114955,19234
2025-01-30,전체,938517475,232688
2025-01-31,EP,105148473,18904
2025-01-31,전체,992926215,232483
2025-02-01,EP,148796745,19891
2025-02-01,전체,1342487298,240324
2025-02-02,EP,178451318,21631
2025-02-02,전체,1562672253,250070
2025-02-03,EP,54004753,20033
2025-02-03,전체,292194107,238658
2025-02-04,EP,81173082,19624
2025-02-04,전체,1048758335,263799
2025-02-05,EP,121451527,20054
2025-02-05,전체,1550063122,270157
2025-02-06,EP,77098989,18752
2025-02-06,전체,653479206,244428
2025-02-07,EP,111237418,17735
2025-02-07,전체,795700355,239818
2025-02-08,EP,109474027,18842
2025-02-08,전체,1046939483,248085
2025-02-09,EP,166482336,20675
2025-02-09,전체,1483764169,265016
2025-02-10,EP,73715832,19438
2025-02-10,전체,557481648,251058
2025-02-11,EP,101924727,19274
2025-02-11,전체,669557929,241738
2025-02-12,EP,104094900,19463
2025-02-12,전체,699384518,244364
2025-02-13,EP,76848455,18371
2025-02-13,전체,619566168,239502
2025-02-14,EP,89411136,17444
2025-02-14,전체,773818995,234596
2025-02-15,EP,119917786,18747
2025-02-15,전체,1058797045,235203
2025-02-16,EP,185222427,21609
2025-02-16,전체,1536253101,257955
2025-02-17,EP,78722873,20169
2025-02-17,전체,658866200,248323
2025-02-18,EP,63883691,19974
2025-02-18,전체,630231727,249309
2025-02-19,EP,90901800,19153
2025-02-19,전체,693691983,247875
2025-02-20,EP,84714318,18227
2025-02-20,전체,694957096,238091
2025-02-21,EP,109516155,18248
2025-02-21,전체,820518450,232487
2025-02-22,EP,104932814,19525
2025-02-22,전체,982532951,241307
2025-02-23,EP,164756082,22660
2025-02-23,전체,1494731613,259398
2025-02-24,EP,116569450,21051
2025-02-24,전체,790526950,246094
2025-02-25,EP,108907455,20380
2025-02-25,전체,703176566,246352
2025-02-26,EP,91766518,20532
2025-02-26,전체,839333359,245712
2025-02-27,EP,105961591,18329
2025-02-27,전체,815355309,236546
2025-02-28,EP,123572936,17532
2025-02-28,전체,1148297809,230320
2025-03-01,EP,175498509,20276
2025-03-01,전체,1414488727,248419
2025-03-02,EP,142786609,21884
2025-03-02,전체,1168426207,259413
2025-03-03,EP,158628245,23248
2025-03-03,전체,1235840132,253560
2025-03-04,EP,120930600,20853
2025-03-04,전체,1339402337,265196
2025-03-05,EP,131382109,21407
2025-03-05,전체,1344132125,265132
2025-03-06,EP,92952418,21554
2025-03-06,전체,1052056695,261785
2025-03-07,EP,76142482,18904
2025-03-07,전체,840469374,249885
2025-03-08,EP,135198641,20464
2025-03-08,전체,1158113862,255205
2025-03-09,EP,193977255,24317
2025-03-09,전체,1678713095,274884
2025-03-10,EP,74595500,22687
2025-03-10,전체,609570515,264447
2025-03-11,EP,80598364,22197
2025-03-11,전체,647719995,260346
2025-03-12,EP,109344845,21816
2025-03-12,전체,880301619,272281
2025-03-13,EP,91983764,20185
2025-03-13,전체,853792272,263397
2025-03-14,EP,116022523,19638
2025-03-14,전체,929374650,252408
2025-03-15,EP,153937845,21187
2025-03-15,전체,1287969836,255028
2025-03-16,EP,203227564,23857
2025-03-16,전체,1700997033,271610
2025-03-17,EP,100233491,21310
2025-03-17,전체,737344635,259876
2025-03-18,EP,68031009,19888
2025-03-18,전체,713244743,258529
2025-03-19,EP,76186673,19620
2025-03-19,전체,770205868,250959
2025-03-20,EP,85276582,19201
2025-03-20,전체,684676470,242659
2025-03-21,EP,69967975,18210
2025-03-21,전체,762769278,244390
2025-03-22,EP,135412764,18986
2025-03-22,전체,1040949227,242182
2025-03-23,EP,167837841,21954
2025-03-23,전체,1631934068,256225
2025-03-24,EP,126659559,21598
2025-03-24,전체,798624868,259138
2025-03-25,EP,103562064,21546
2025-03-25,전체,729103303,265579
2025-03-26,EP,84810309,20782
2025-03-26,전체,801512296,257895
2025-03-27,EP,89673309,19320
2025-03-27,전체,758312664,246852
2025-03-28,EP,92927219,16932
2025-03-28,전체,813436664,239937
2025-03-29,EP,126416069,18104
2025-03-29,전체,979953225,237097
2025-03-30,EP,167440438,20253
2025-03-30,전체,1497222572,253100
2025-03-31,EP,120306718,19563
2025-03-31,전체,1113474581,246774
2025-04-01,EP,91949077,20278
2025-04-01,전체,568455003,253931
2025-04-02,EP,130526720,19839
2025-04-02,전체,886894628,257840
2025-04-03,EP,123420650,18801
2025-04-03,전체,786517128,238077
2025-04-04,EP,97043172,17279
2025-04-04,전체,748278369,229794
2025-04-05,EP,129142518,19527
2025-04-05,전체,1067495595,241547
2025-04-06,EP,172002350,20369
2025-04-06,전체,1498655525,252368
2025-04-07,EP,106551768,19764
2025-04-07,전체,658513400,251553
2025-04-08,EP,114643494,20231
2025-04-08,전체,1184310235,279492
2025-04-09,EP,118952191,20749
2025-04-09,전체,1322078585,277720
2025-04-10,EP,105091277,18798
2025-04-10,전체,909505611,253870
2025-04-11,EP,101191332,17793
2025-04-11,전체,789125091,239757
2025-04-12,EP,129018868,19630
2025-04-12,전체,1106652336,253146
2025-04-13,EP,178434441,21916
2025-04-13,전체,1526343221,257168
2025-04-14,EP,96241483,20257
2025-04-14,전체,713182241,258793
2025-04-15,EP,96177295,19560
2025-04-15,전체,752258795,254613
2025-04-16,EP,100138145,19923
2025-04-16,전체,830746212,254204
2025-04-17,EP,111059245,19023
2025-04-17,전체,816479555,249380
2025-04-18,EP,105876418,18991
2025-04-18,전체,837727782,250738
2025-04-19,EP,123656853,20396
2025-04-19,전체,1110844071,250842
2025-04-20,EP,179779909,22511
2025-04-20,전체,1593759191,268503
2025-04-21,EP,121909968,22302
2025-04-21,전체,897506824,257315
2025-04-22,EP,91265345,21025
2025-04-22,전체,781430220,262431
2025-04-23,EP,105591996,21055
2025-04-23,전체,850248197,258537
2025-04-24,EP,99546086,19902
2025-04-24,전체,858862303,251800
2025-04-25,EP,74421924,18181
2025-04-25,전체,754678074,237436
2025-04-26,EP,110141942,19056
2025-04-26,전체,1101425307,236051
2025-04-27,EP,178209038,21617
2025-04-27,전체,1599440270,250984
2025-04-28,EP,108712007,20171
2025-04-28,전체,875237626,247562
2025-04-29,EP,98043048,19436
2025-04-29,전체,929221122,255362
2025-04-30,EP,103737475,18175
2025-04-30,전체,909686731,250193
2025-05-01,EP,157129015,19599
2025-05-01,전체,1280878465,255100
2025-05-02,EP,71599773,16215
2025-05-02,전체,693036188,230616
2025-05-03,EP,117670127,16366
2025-05-03,전체,996645841,226303
2025-05-04,EP,117063164,16391
2025-05-04,전체,967184764,217865
2025-05-05,EP,123935494,18271
2025-05-05,전체,974230401,228741
2025-05-06,EP,154819755,20142
2025-05-06,전체,1218896536,243542
2025-05-07,EP,101470927,18042
2025-05-07,전체,897686928,253659
2025-05-08,EP,88563200,17495
2025-05-08,전체,660697466,235561
2025-05-09,EP,67397782,17611
2025-05-09,전체,664032891,238686
2025-05-10,EP,83093873,18205
2025-05-10,전체,938862245,242416
2025-05-11,EP,140615536,20438
2025-05-11,전체,1429616656,249144
2025-05-12,EP,101281580,22344
2025-05-12,전체,731509183,247836
2025-05-13,EP,88415182,23011
2025-05-13,전체,1100268396,269295
2025-05-14,EP,102270485,19630
2025-05-14,전체,1309091495,311727
2025-05-15,EP,66308673,17725
2025-05-15,전체,1057266090,258106
2025-05-16,EP,89978655,16620
2025-05-16,전체,777915079,246130
2025-05-17,EP,88960300,16522
2025-05-17,전체,903626138,234351
2025-05-18,EP,145346845,18456
2025-05-18,전체,1317206780,243623
2025-05-19,EP,65046685,17933
2025-05-19,전체,574539788,247086
2025-05-20,EP,58244505,17839
2025-05-20,전체,561572316,256729
2025-05-21,EP,93094270,18999
2025-05-21,전체,808611740,256994
2025-05-22,EP,84851419,17995
2025-05-22,전체,792823670,251567
2025-05-23,EP,74086386,16454
2025-05-23,전체,788287130,241933
2025-05-24,EP,102274232,16874
2025-05-24,전체,961624331,235159
2025-05-25,EP,140505311,18853
2025-05-25,전체,1360798013,243417
2025-05-26,EP,76748525,18311
2025-05-26,전체,711648565,254041
2025-05-27,EP,73685364,18156
2025-05-27,전체,682590795,248701
2025-05-28,EP,70137032,17354
2025-05-28,전체,792982282,258155
2025-05-29,EP,66940305,17608
2025-05-29,전체,839482182,252193
2025-05-30,EP,52608655,15922
2025-05-30,전체,827884865,240931
2025-05-31,EP,92846500,16511
2025-05-31,전체,1029716841,231986
2025-06-01,EP,130611936,19373
2025-06-01,전체,1787043573,276505
2025-06-02,EP,76965191,17453
2025-06-02,전체,681287518,251451
2025-06-03,EP,174475056,20200
2025-06-03,전체,1581357320,260777
2025-06-04,EP,108163245,18915
2025-06-04,전체,1087399187,280442
2025-06-05,EP,79074100,16712
2025-06-05,전체,688602777,253504
2025-06-06,EP,121695091,17061
2025-06-06,전체,1081265541,232410
2025-06-07,EP,89298855,18054
2025-06-07,전체,797450825,236287
2025-06-08,EP,134471127,19504
2025-06-08,전체,1303566058,249849
2025-06-09,EP,80527891,18099
2025-06-09,전체,641183009,254758
2025-06-10,EP,71352675,17260
2025-06-10,전체,507873867,247387
2025-06-11,EP,66948082,17585
2025-06-11,전체,746694701,248595
2025-06-12,EP,91761165,16896
2025-06-12,전체,832425804,253342
2025-06-13,EP,79343464,15693
2025-06-13,전체,736475221,238760
2025-06-14,EP,91594927,16027
2025-06-14,전체,983050775,233769
2025-06-15,EP,142457356,18462
2025-06-15,전체,1398438952,242044
2025-06-16,EP,93917309,19269
2025-06-16,전체,1100483341,252819
2025-06-17,EP,68451636,19152
2025-06-17,전체,812311709,256380
2025-06-18,EP,129089798,21828
2025-06-18,전체,1177663383,306805
2025-06-19,EP,110510200,18963
2025-06-19,전체,798440305,245625
2025-06-20,EP,97818818,18182
2025-06-20,전체,915331807,247025
2025-06-21,EP,122231355,18653
2025-06-21,전체,1102515725,235558
2025-06-22,EP,176646256,22108
2025-06-22,전체,1559662975,247061
2025-06-23,EP,74504867,19554
2025-06-23,전체,690653456,233809
2025-06-24,EP,76931168,18022
2025-06-24,전체,567039196,242572
2025-06-25,EP,74605568,17416
2025-06-25,전체,727467626,233615
2025-06-26,EP,79252527,16949
2025-06-26,전체,638114400,231516
2025-06-27,EP,102809988,16198
2025-06-27,전체,724717506,222158
2025-06-28,EP,120415264,17213
2025-06-28,전체,905289281,218781
2025-06-29,EP,159360664,19124
2025-06-29,전체,1334066634,229892
2025-06-30,EP,89367050,17861
2025-06-30,전체,725413211,238452
2025-07-01,EP,82499673,18367
2025-07-01,전체,680920267,253214
2025-07-02,EP,84946745,17380
2025-07-02,전체,808097055,248734
2025-07-03,EP,74608852,16619
2025-07-03,전체,716446501,245191
2025-07-04,EP,86592791,15422
2025-07-04,전체,789154393,243354
2025-07-05,EP,120650418,17016
2025-07-05,전체,989678913,238506
2025-07-06,EP,167829600,19444
2025-07-06,전체,1310119818,245898
2025-07-07,EP,94398476,18350
2025-07-07,전체,691157359,250876
2025-07-08,EP,129458966,19498
2025-07-08,전체,1172492595,270055
2025-07-09,EP,127685925,20438
2025-07-09,전체,1178280587,268709
2025-07-10,EP,108936166,18777
2025-07-10,전체,1052177493,253568
2025-07-11,EP,80821358,17074
2025-07-11,전체,706327477,226049
2025-07-12,EP,111914941,17779
2025-07-12,전체,785976384,224496
2025-07-13,EP,168077441,19553
2025-07-13,전체,1151050861,230628
2025-07-14,EP,68248118,17973
2025-07-14,전체,482512847,224690
2025-07-15,EP,81756309,17627
2025-07-15,전체,565307442,226062
2025-07-16,EP,88397221,17993
2025-07-16,전체,660080052,227564
2025-07-17,EP,84415409,16587
2025-07-17,전체,594018538,215244
2025-07-18,EP,89976978,15901
2025-07-18,전체,672016615,214028
2025-07-19,EP,126023839,16170
2025-07-19,전체,864873532,209818
2025-07-20,EP,154203288,18826
2025-07-20,전체,1174068355,218071
2025-07-21,EP,76797736,18151
2025-07-21,전체,699703267,215508
2025-07-22,EP,85628236,16905
2025-07-22,전체,683211825,218603
2025-07-23,EP,84304168,16906
2025-07-23,전체,705740174,219002
2025-07-24,EP,69181300,15821
2025-07-24,전체,673069081,218792
2025-07-25,EP,66555936,14826
2025-07-25,전체,622393066,213829
2025-07-26,EP,79544464,15773
2025-07-26,전체,750933205,206094
2025-07-27,EP,152788164,18342
2025-07-27,전체,1126349182,214593
2025-07-28,EP,75492264,17632
2025-07-28,전체,573181228,217217
2025-07-29,EP,71259953,16956
2025-07-29,전체,599809431,220924
2025-07-30,EP,76454300,16466
2025-07-30,전체,588245491,216736
2025-07-31,EP,66531297,15763
2025-07-31,전체,609828116,212396
2025-08-01,EP,102494415,16066
2025-08-01,전체,748160703,214489
2025-08-02,EP,120074649,16158
2025-08-02,전체,817855571,204082
2025-08-03,EP,153893127,18376
2025-08-03,전체,1046073868,214799
2025-08-04,EP,101361152,17568
2025-08-04,전체,558381081,215678
2025-08-05,EP,117592749,18273
2025-08-05,전체,955310157,244188
2025-08-06,EP,129444509,18782
2025-08-06,전체,1039093175,248394
2025-08-07,EP,101957642,18057
2025-08-07,전체,975475303,231086
2025-08-08,EP,86057355,16756
2025-08-08,전체,724726941,215668
2025-08-09,EP,106263211,17323
2025-08-09,전체,741091849,205342
2025-08-10,EP,149322109,18883
2025-08-10,전체,1127531491,232026
2025-08-11,EP,68486323,17628
2025-08-11,전체,508314496,225516
2025-08-12,EP,74895006,16682
2025-08-12,전체,611345876,228981
2025-08-13,EP,88975759,16922
2025-08-13,전체,958966381,240013
2025-08-14,EP,83975336,14911
2025-08-14,전체,676521244,214456
2025-08-15,EP,127589782,15899
2025-08-15,전체,1001507776,195994
2025-08-16,EP,104862945,16825
2025-08-16,전체,737465184,205254
2025-08-17,EP,158232287,18011
2025-08-17,전체,1100886918,211437
2025-08-18,EP,75389045,17569
2025-08-18,전체,661076276,210645
2025-08-19,EP,62402764,16920
2025-08-19,전체,596820931,213557
2025-08-20,EP,58270091,16533
2025-08-20,전체,649157187,212904
2025-08-21,EP,49838627,16094
2025-08-21,전체,531304972,207612
2025-08-22,EP,62838682,15259
2025-08-22,전체,581099616,204380
2025-08-23,EP,97434175,16026
2025-08-23,전체,786928669,196571
2025-08-24,EP,133801041,17451
2025-08-24,전체,1137096489,202750
2025-08-25,EP,85099218,16546
2025-08-25,전체,521714930,206739
2025-08-26,EP,74207764,16889
2025-08-26,전체,562888234,209997
2025-08-27,EP,72961527,16820
2025-08-27,전체,639874975,222588
2025-08-28,EP,76275547,16426
2025-08-28,전체,755668621,225003
2025-08-29,EP,85098364,16835
2025-08-29,전체,863574544,227791
2025-08-30,EP,116221109,17312
2025-08-30,전체,1015486782,219798
2025-08-31,EP,136523427,18736
2025-08-31,전체,1175431014,205425
2025-09-01,EP,132253264,18533
2025-09-01,전체,1145670067,234638
2025-09-02,EP,102073355,18981
2025-09-02,전체,1044720735,248281
2025-09-03,EP,82181027,18436
2025-09-03,전체,1059562482,245773
2025-09-04,EP,96125355,17786
2025-09-04,전체,1013636026,244186
2025-09-05,EP,112026400,16704
2025-09-05,전체,756486503,224015
2025-09-06,EP,115572664,17038
2025-09-06,전체,826835667,212222
2025-09-07,EP,176610845,18867
2025-09-07,전체,1166546609,224063
2025-09-08,EP,72755136,18254
2025-09-08,전체,522952493,225077
2025-09-09,EP,99977118,18490
2025-09-09,전체,677860201,233559
2025-09-10,EP,104976482,17497
2025-09-10,전체,760916040,225168
2025-09-11,EP,112953325,17553
2025-09-11,전체,734127314,220558
2025-09-12,EP,90486800,16623
2025-09-12,전체,689493583,217648
2025-09-13,EP,158483627,18627
2025-09-13,전체,1082322198,213702
2025-09-14,EP,210703855,20036
2025-09-14,전체,1447403834,223156
2025-09-15,EP,100212800,18673
2025-09-15,전체,689115575,227584
2025-09-16,EP,86869347,18347
2025-09-16,전체,789128335,236690
2025-09-17,EP,130437555,18566
2025-09-17,전체,686558386,231258
2025-09-18,EP,68979227,17269
2025-09-18,전체,736107580,228194
2025-09-19,EP,114215795,18315
2025-09-19,전체,1026958415,232631
2025-09-20,EP,150678936,19834
2025-09-20,전체,1290884765,223059
2025-09-21,EP,228097896,21992
2025-09-21,전체,1618876419,234569
2025-09-22,EP,127840209,21041
2025-09-22,전체,1177828275,245596
2025-09-23,EP,124547860,20764
2025-09-23,전체,1207599245,255388
2025-09-24,EP,119587473,21027
2025-09-24,전체,1036331583,253403
2025-09-25,EP,168133773,20300
2025-09-25,전체,1277728255,256893
2025-09-26,EP,102502064,18678
2025-09-26,전체,973422953,244838
2025-09-27,EP,146489451,18241
2025-09-27,전체,1170927393,225134
2025-09-28,EP,200810010,22046
2025-09-28,전체,1634185178,245111
2025-09-29,EP,87926996,20555
2025-09-29,전체,752448526,242106
2025-09-30,EP,110844205,18517
2025-09-30,전체,910260539,242149
2025-10-01,EP,101356318,16790
2025-10-01,전체,839740004,247986
2025-10-02,EP,75078336,14798
2025-10-02,전체,637580602,234744
2025-10-03,EP,119137345,16478
2025-10-03,전체,858858373,226424
2025-10-04,EP,141021418,15836
2025-10-04,전체,851531414,211853
2025-10-05,EP,123730036,15089
2025-10-05,전체,756458009,203164
2025-10-06,EP,114739027,15774
2025-10-06,전체,751689500,203883
2025-10-07,EP,149196055,18493
2025-10-07,전체,897867442,212978
2025-10-08,EP,155390982,20572
2025-10-08,전체,1005839538,223786
2025-10-09,EP,204893064,22513
2025-10-09,전체,1322245089,256988
2025-10-10,EP,149295373,22059
2025-10-10,전체,1102717838,258875
2025-10-11,EP,152783769,22068
2025-10-11,전체,1122996757,251292
2025-10-12,EP,233860996,24297
2025-10-12,전체,1763934031,257834
2025-10-13,EP,100717068,23787
2025-10-13,전체,680095031,265527
2025-10-14,EP,158342382,22503
2025-10-14,전체,904989844,265662
2025-10-15,EP,133924388,21908
2025-10-15,전체,1054936266,267021
2025-10-16,EP,156532288,21566
2025-10-16,전체,914374612,260170
2025-10-17,EP,151143618,20463
2025-10-17,전체,1288984899,261996
2025-10-18,EP,219350791,22597
2025-10-18,전체,1616693732,266167
2025-10-19,EP,284185273,25649
2025-10-19,전체,2089270330,275504
2025-10-20,EP,185475653,26969
2025-10-20,전체,1461436625,292197
2025-10-21,EP,191765845,26169
2025-10-21,전체,1386639646,307266
2025-10-22,EP,164026982,25868
2025-10-22,전체,1303131034,299011
2025-10-23,EP,143429904,23215
2025-10-23,전체,1168993455,300188
2025-10-24,EP,124522955,21415
2025-10-24,전체,944058045,269894
2025-10-25,EP,158207575,21532
2025-10-25,전체,1129681508,249561
2025-10-26,EP,258939374,25602
2025-10-26,전체,1817841822,274482
2025-10-27,EP,147354782,26390
2025-10-27,전체,1093959941,291874
2025-10-28,EP,109995064,27073
2025-10-28,전체,1026947247,306640
2025-10-29,EP,126495509,23990
2025-10-29,전체,1020342754,296334
2025-10-30,EP,101940382,21072
2025-10-30,전체,960964346,282239
2025-10-31,EP,120679482,19010
2025-10-31,전체,914853986,262452
2025-11-01,EP,193817882,21221
2025-11-01,전체,1377065589,252139
2025-11-02,EP,288869064,26666
2025-11-02,전체,2002716473,266293
2025-11-03,EP,124563809,24978
2025-11-03,전체,951791470,273969
2025-11-04,EP,110464600,22811
2025-11-04,전체,962806992,283692
2025-11-05,EP,107937464,21903
2025-11-05,전체,830647035,267191
2025-11-06,EP,126671724,21017
2025-11-06,전체,917050122,264727
2025-11-07,EP,96472882,19511
2025-11-07,전체,893421449,261937
2025-11-08,EP,169579673,21369
2025-11-08,전체,1270323878,245123
2025-11-09,EP,258459518,24234
2025-11-09,전체,1894792318,267476
2025-11-10,EP,146963182,23339
2025-11-10,전체,1334107803,289497
2025-11-11,EP,158355573,23207
2025-11-11,전체,1463781754,301426
2025-11-12,EP,149221355,22914
2025-11-12,전체,1488945934,309837
2025-11-13,EP,155823236,22351
2025-11-13,전체,1383242224,296610
2025-11-14,EP,119300264,21691
2025-11-14,전체,1095465320,277899
2025-11-15,EP,194266400,21864
2025-11-15,전체,1540995808,267140
2025-11-16,EP,271870282,25775
2025-11-16,전체,2163623252,287456
2025-11-17,EP,110089191,24966
2025-11-17,전체,946014363,284800
2025-11-18,EP,142101197,25737
2025-11-18,전체,930252139,296327
2025-11-19,EP,106065227,23141
2025-11-19,전체,774320862,280652
2025-11-20,EP,132484573,20619
2025-11-20,전체,745739962,265724
2025-11-21,EP,94671036,20130
2025-11-21,전체,1195012475,386296
2025-11-22,EP,182879073,21558
2025-11-22,전체,1417903790,277292
2025-11-23,EP,295114555,25086
2025-11-23,전체,2084283342,277089
2025-11-24,EP,137265564,23648
2025-11-24,전체,1203378929,293990
2025-11-25,EP,157698164,23822
2025-11-25,전체,1268859081,304055
2025-11-26,EP,126583886,22687
2025-11-26,전체,1255907098,295116
2025-11-27,EP,179450842,22575
2025-11-27,전체,1526071951,308861
2025-11-28,EP,103526273,21003
2025-11-28,전체,981593945,272528
2025-11-29,EP,170137100,21236
2025-11-29,전체,1092835418,253292
2025-11-30,EP,229175864,22609
2025-11-30,전체,1688712268,262247
2025-12-01,EP,121032382,22649
2025-12-01,전체,771771341,269746
2025-12-02,EP,117142345,22628
2025-12-02,전체,683511509,272726
2025-12-03,EP,136775773,23883
2025-12-03,전체,947096057,278096
2025-12-04,EP,129086309,22266
2025-12-04,전체,942480165,268773
2025-12-05,EP,133420918,20447
2025-12-05,전체,858605200,257075
2025-12-06,EP,201656309,20965
2025-12-06,전체,1228804766,248089
2025-12-07,EP,289232776,23199
2025-12-07,전체,1703319855,260565
2025-12-08,EP,137140823,21619
2025-12-08,전체,784307335,259113
2025-12-09,EP,145155765,22111
2025-12-09,전체,1243770754,292662
2025-12-10,EP,156252055,20561
2025-12-10,전체,1273104177,291160
2025-12-11,EP,159594282,21203
2025-12-11,전체,1091539977,290944
2025-12-12,EP,94608927,20321
2025-12-12,전체,993959845,258905
2025-12-13,EP,172367365,21786
2025-12-13,전체,1231009582,250105
2025-12-14,EP,332980582,24663
2025-12-14,전체,1935740717,272211
2025-12-15,EP,155500555,22691
2025-12-15,전체,959001327,272236
2025-12-16,EP,92589064,20503
2025-12-16,전체,830753694,270564
2025-12-17,EP,114488636,19804
2025-12-17,전체,890865220,300467
2025-12-18,EP,131996745,18487
2025-12-18,전체,921083073,265248
2025-12-19,EP,128222136,17024
2025-12-19,전체,999966223,246494
2025-12-20,EP,132133864,17516
2025-12-20,전체,1101177825,237767
2025-12-21,EP,242990773,20123
2025-12-21,전체,1779062955,252138
2025-12-22,EP,198790150,19881
2025-12-22,전체,1316351317,264057
2025-12-23,EP,75657245,18275
2025-12-23,전체,763149712,249095
2025-12-24,EP,64895145,16290
2025-12-24,전체,883177968,248545
2025-12-25,EP,218742291,20827
2025-12-25,전체,1576557796,251069
2025-12-26,EP,98050573,20449
2025-12-26,전체,817067662,253289
2025-12-27,EP,159320527,21803
2025-12-27,전체,987876025,245997
2025-12-28,EP,249272409,23069
2025-12-28,전체,1655685305,256822
2025-12-29,EP,105138577,20449
2025-12-29,전체,720846779,245078
2025-12-30,EP,112950664,18393
2025-12-30,전체,779357376,214304
2025-12-31,EP,86375627,16588
2025-12-31,전체,614883812,203702
2026-01-01,EP,232115876,19816
2026-01-01,전체,1396139463,231577
2026-01-02,EP,93549982,18685
2026-01-02,전체,604863089,228255
2026-01-03,EP,132767170,20535
2026-01-03,전체,959807045,240114
2026-01-04,EP,197963488,22392
2026-01-04,전체,1464822501,248910
2026-01-05,EP,101165743,18384
2026-01-05,전체,522935295,234094
2026-01-06,EP,82820118,18238
2026-01-06,전체,585985625,241699
2026-01-07,EP,112854543,18187
2026-01-07,전체,775394074,239281
2026-01-08,EP,76219516,17396
2026-01-08,전체,672015242,247093
2026-01-09,EP,100685355,16784
2026-01-09,전체,782669710,232560
2026-01-10,EP,193134300,19681
2026-01-10,전체,1226649799,237775
2026-01-11,EP,267225300,22967
2026-01-11,전체,1644301495,248076
2026-01-12,EP,110750182,19718
2026-01-12,전체,628611135,333763
2026-01-13,EP,147770524,19681
2026-01-13,전체,1134269408,340428
2026-01-14,EP,124289524,20155
2026-01-14,전체,1179356365,286162
2026-01-15,EP,56035715,17524
2026-01-15,전체,699526688,248335
2026-01-16,EP,96526956,16982
2026-01-16,전체,757291118,233413
2026-01-17,EP,127050382,18435
2026-01-17,전체,884653238,230367
2026-01-18,EP,209320464,19861
2026-01-18,전체,1453722725,242778
2026-01-19,EP,125134044,18996
2026-01-19,전체,678049506,249430
2026-01-20,EP,83556400,18239
2026-01-20,전체,572153232,253752
2026-01-21,EP,121549802,18245
2026-01-21,전체,746440775,251238
2026-01-22,EP,125882752,17637
2026-01-22,전체,923571538,252542
2026-01-23,EP,120195461,16872
2026-01-23,전체,1261009846,252859
2026-01-24,EP,158037867,19309
2026-01-24,전체,1184666490,251802
2026-01-25,EP,255401876,21288
2026-01-25,전체,1805165772,256876
2026-01-26,EP,121128483,18169
2026-01-26,전체,964829446,249110
2026-01-27,EP,96506912,17735
2026-01-27,전체,961601828,249451
2026-01-28,EP,92777498,17080
2026-01-28,전체,910905092,248693
2026-01-29,EP,90353882,16455
2026-01-29,전체,850730338,244205
2026-01-30,EP,100493018,15735
2026-01-30,전체,745292655,237148
2026-01-31,EP,122238950,17389
2026-01-31,전체,948544017,232293
2026-02-01,EP,231317309,19599
2026-02-01,전체,1637671298,256588
2026-02-02,EP,75133778,16785
2026-02-02,전체,559033461,241816
2026-02-03,EP,110892954,17232
2026-02-03,전체,912307257,272267
2026-02-04,EP,129637491,17180
2026-02-04,전체,1273447168,272857
2026-02-05,EP,74917836,16326
2026-02-05,전체,719860734,248266
2026-02-06,EP,99690911,16724
2026-02-06,전체,939786472,284482
2026-02-07,EP,147458955,18907
2026-02-07,전체,1167583374,289408
2026-02-08,EP,220282346,21464
2026-02-08,전체,1654245690,301033
2026-02-09,EP,84200345,17907
2026-02-09,전체,746103230,289167
2026-02-10,EP,74965866,16882
2026-02-10,전체,840152898,278868
2026-02-11,EP,103882085,16231
2026-02-11,전체,905873833,264073
2026-02-12,EP,78146173,15445
2026-02-12,전체,811401112,248159
2026-02-13,EP,73113545,14365
2026-02-13,전체,500129881,226142
2026-02-14,EP,109732065,15796
2026-02-14,전체,622735915,224578
2026-02-15,EP,147472335,16301
2026-02-15,전체,937780925,226568
2026-02-16,EP,145147900,15563
2026-02-16,전체,778973865,208981
2026-02-17,EP,94392809,15575
2026-02-17,전체,665653195,216285
2026-02-18,EP,163999788,20937
2026-02-18,전체,1258815722,253686
2026-02-19,EP,83762612,20280
2026-02-19,전체,666481990,248152
2026-02-20,EP,130233705,18009
2026-02-20,전체,861334767,241462
2026-02-21,EP,166242510,20703
2026-02-21,전체,1172930682,252647
2026-02-22,EP,245842839,22574
2026-02-22,전체,1694952186,267122
2026-02-23,EP,87629928,18927
2026-02-23,전체,731256107,249135
2026-02-24,EP,55667173,18326
2026-02-24,전체,561896542,250450
2026-02-25,EP,81485082,18511
2026-02-25,전체,741970216,249234
2026-02-26,EP,114800300,17938
2026-02-26,전체,1031980524,249086
2026-02-27,EP,107242779,16880
2026-02-27,전체,834235281,241458
2026-02-28,EP,178179373,20216
2026-02-28,전체,1313066724,236217
2026-03-01,EP,223539332,23309
2026-03-01,전체,1655817226,254914
2026-03-02,EP,219301036,23851
2026-03-02,전체,1481960945,262500
2026-03-03,EP,107649900,18755
2026-03-03,전체,847224836,374003
2026-03-04,EP,124527218,18932
2026-03-04,전체,1008259247,333970
2026-03-05,EP,96035691,19103
2026-03-05,전체,780278212,276477
2026-03-06,EP,127627341,18040
2026-03-06,전체,820355025,264719
2026-03-07,EP,207227782,20870
2026-03-07,전체,1332325105,259659
2026-03-08,EP,288598709,22787
2026-03-08,전체,1841782615,270032
2026-03-09,EP,96772927,19223
2026-03-09,전체,832590346,259256
2026-03-10,EP,83345995,18470
2026-03-10,전체,739265386,263688
2026-03-11,EP,81782041,19063
2026-03-11,전체,837854539,270002
2026-03-12,EP,102326218,18662
2026-03-12,전체,881366418,263924
2026-03-13,EP,118185767,17866
2026-03-13,전체,1053285235,260120
2026-03-14,EP,178528582,20355
2026-03-14,전체,1443149427,257066
2026-03-15,EP,242204886,23183
2026-03-15,전체,1945320867,261174
2026-03-16,EP,103061505,20781
2026-03-16,전체,857283559,262692
2026-03-17,EP,107724359,20176
2026-03-17,전체,710043455,257265
2026-03-18,EP,120323391,19657
2026-03-18,전체,860485030,260853
2026-03-19,EP,93740509,18561
2026-03-19,전체,837035037,246771
2026-03-20,EP,90307209,17704
2026-03-20,전체,754351254,243932
2026-03-21,EP,142110373,19418
2026-03-21,전체,1149597532,247543
2026-03-22,EP,235062555,22869
2026-03-22,전체,1576578887,256655
2026-03-23,EP,98378336,19652
2026-03-23,전체,753749095,261768
2026-03-24,EP,96341273,19674
2026-03-24,전체,774043035,268287
2026-03-25,EP,112491482,19250
2026-03-25,전체,919109397,263582
2026-03-26,EP,108021318,18022
2026-03-26,전체,817790155,253399
2026-03-27,EP,99175391,19583
2026-03-27,전체,875376433,248446
2026-03-28,EP,171469955,19979
2026-03-28,전체,1212635537,247487
2026-03-29,EP,236450350,22354
2026-03-29,전체,1742059000,257984
2026-03-30,EP,103677545,19689
2026-03-30,전체,783622285,257342
2026-03-31,EP,96295700,19909
2026-03-31,전체,744464914,261866
2026-04-01,EP,98876545,19589
2026-04-01,전체,912636691,263060
2026-04-02,EP,73941282,17614
2026-04-02,전체,822250878,349864
2026-04-03,EP,89905818,16236
2026-04-03,전체,813653859,295677
2026-04-04,EP,142283618,17505
2026-04-04,전체,1133862709,245697
2026-04-05,EP,212565145,18840
2026-04-05,전체,1572168051,252735
2026-04-06,EP,83362471,24013
2026-04-06,전체,657916989,251907
2026-04-07,EP,136389282,18135
2026-04-07,전체,1071495038,284094
2026-04-08,EP,145688923,24090
2026-04-08,전체,1410908944,322896
2026-04-09,EP,97204955,22122
2026-04-09,전체,881719532,276402
2026-04-10,EP,93605473,15424
2026-04-10,전체,753123728,241498
2026-04-11,EP,122766536,16911
2026-04-11,전체,1002908345,238439
2026-04-12,EP,185073682,18928
2026-04-12,전체,1447940189,255325
2026-04-13,EP,119327607,18573
2026-04-13,전체,850417245,259450
2026-04-14,EP,88200318,18464
2026-04-14,전체,748364698,266067
2026-04-15,EP,87182518,17759
2026-04-15,전체,851720937,263593
2026-04-16,EP,95007845,17226
2026-04-16,전체,763095969,252967
2026-04-17,EP,79201909,15741
2026-04-17,전체,827779564,240041
2026-04-18,EP,136506822,17424
2026-04-18,전체,1187511533,241477
2026-04-19,EP,186834382,19783
2026-04-19,전체,1596942343,259101
2026-04-20,EP,88803545,17936
2026-04-20,전체,779257995,256061
2026-04-21,EP,78853700,17335
2026-04-21,전체,746479445,261757
2026-04-22,EP,100817981,17421
2026-04-22,전체,848726958,264394
2026-04-23,EP,93707255,21820
2026-04-23,전체,835376425,263111
2026-04-24,EP,91170364,16204
2026-04-24,전체,869027485,250204
2026-04-25,EP,150831718,16906
2026-04-25,전체,1258542704,246731
2026-04-26,EP,191939436,19061
2026-04-26,전체,1588610199,268954
2026-04-27,EP,112109800,20643
2026-04-27,전체,756737069,265828
2026-04-28,EP,104890264,21631
2026-04-28,전체,692388755,260938
2026-04-29,EP,99404155,22138
2026-04-29,전체,774857779,251848
2026-04-30,EP,76171536,19858
2026-04-30,전체,716326623,239519
2026-05-01,EP,162397836,20841
2026-05-01,전체,1401010659,231532
2026-05-02,EP,165864618,22282
2026-05-02,전체,1158505563,227909
2026-05-03,EP,145184582,28022
2026-05-03,전체,1116785855,245190
2026-05-04,EP,92153876,25810
2026-05-04,전체,690136985,240145
2026-05-05,EP,158895955,28146
2026-05-05,전체,1273049123,252794
2026-05-06,EP,137242564,23691
2026-05-06,전체,868963789,248973
2026-05-07,EP,71730398,21362
2026-05-07,전체,557907614,246290
2026-05-08,EP,94356764,19835
2026-05-08,전체,742584202,241811
2026-05-09,EP,113980609,22248
2026-05-09,전체,970128191,238746
2026-05-10,EP,151679409,24088
2026-05-10,전체,1286242445,255294
2026-05-11,EP,66178936,23209
2026-05-11,전체,545269451,250967
2026-05-12,EP,86335191,24887
2026-05-12,전체,906920473,272105
2026-05-13,EP,117865216,23963
2026-05-13,전체,1268399980,266681
2026-05-14,EP,115994107,22234
2026-05-14,전체,1121842264,286385
2026-05-15,EP,87741273,20288
2026-05-15,전체,769274011,261616
2026-05-16,EP,112508459,21649
2026-05-16,전체,930067841,256396
2026-05-17,EP,173101955,24793
2026-05-17,전체,1386743750,252024
2026-05-18,EP,48391436,22154
2026-05-18,전체,584209684,249648
2026-05-19,EP,49762521,21045
2026-05-19,전체,467829405,260335
2026-05-20,EP,136184136,21274
2026-05-20,전체,757249375,259269
2026-05-21,EP,85371609,19939
2026-05-21,전체,612393215,243913
2026-05-22,EP,79090227,19600
2026-05-22,전체,700977353,241515
2026-05-23,EP,128370891,21440
2026-05-23,전체,1021625591,238264
2026-05-24,EP,99021409,22676
2026-05-24,전체,899902850,236965
2026-05-25,EP,115997745,24147
2026-05-25,전체,1050192224,254197
2026-05-26,EP,94842400,22346
2026-05-26,전체,930032395,256700
2026-05-27,EP,66940915,21659
2026-05-27,전체,697216701,255044
2026-05-28,EP,65729016,21129
2026-05-28,전체,640476011,237259
2026-05-29,EP,68918040,19925
2026-05-29,전체,708564284,230418
2026-05-30,EP,114641878,21539
2026-05-30,전체,941700277,224541
2026-05-31,EP,136837600,24118
2026-05-31,전체,1296594564,241162
2026-06-01,EP,72266155,22528
2026-06-01,전체,998401020,381573
2026-06-02,EP,86239429,21420
2026-06-02,전체,994260375,324499
2026-06-03,EP,157741536,23734
2026-06-03,전체,1589188727,294498
2026-06-04,EP,70504100,20853
2026-06-04,전체,631258498,267136
2026-06-05,EP,67387645,19943
2026-06-05,전체,581103773,280757
2026-06-06,EP,120941109,20787
2026-06-06,전체,869814309,296760
2026-06-07,EP,135509682,21250
2026-06-07,전체,1160289850,313673
2026-06-08,EP,74710045,17377
2026-06-08,전체,609392436,333776
2026-06-09,EP,47606573,18745
2026-06-09,전체,426028147,314301
2026-06-10,EP,51353527,20058
2026-06-10,전체,511653282,558683
2026-06-11,EP,42454464,19125
2026-06-11,전체,594491435,263611
2026-06-12,EP,56781164,18419
2026-06-12,전체,669545003,252150
2026-06-13,EP,99065907,19271
2026-06-13,전체,888826844,232305
2026-06-14,EP,148797791,22214
2026-06-14,전체,1201132847,248144
2026-06-15,EP,105828045,21432
2026-06-15,전체,925412741,246431
2026-06-16,EP,97010018,18891
2026-06-16,전체,712139675,241795
2026-06-17,EP,97874191,18593
2026-06-17,전체,886532000,250464
2026-06-18,EP,107449336,17601
2026-06-18,전체,887469582,260360
2026-06-19,EP,93153536,16291
2026-06-19,전체,741639595,236537
2026-06-20,EP,115522536,18075
2026-06-20,전체,887735945,227563
2026-06-21,EP,167884909,19085
2026-06-21,전체,1333996909,233891
2026-06-22,EP,81465764,24919
2026-06-22,전체,758250075,326771
2026-06-23,EP,61444391,15916
2026-06-23,전체,548390555,292352
2026-06-24,EP,69590982,16670
2026-06-24,전체,653132073,247697
2026-06-25,EP,75074173,15514
2026-06-25,전체,631297201,237489
2026-06-26,EP,84278509,14493
2026-06-26,전체,683629020,227727
2026-06-27,EP,107868536,16498
2026-06-27,전체,920081055,219611
2026-06-28,EP,162606527,18699
2026-06-28,전체,1180353536,230760
2026-06-29,EP,82473682,17026
2026-06-29,전체,602370978,234348
2026-06-30,EP,58873200,16554
2026-06-30,전체,467380300,243017
2026-07-01,EP,92925927,16514
2026-07-01,전체,719516240,262155
2026-07-02,EP,61550373,15433
2026-07-02,전체,550229666,243516
2026-07-03,EP,80294705,14901
2026-07-03,전체,667118942,249479
2026-07-04,EP,106198145,16926
2026-07-04,전체,822374391,241353
2026-07-05,EP,157483191,20182
2026-07-05,전체,1128321976,262552
2026-07-06,EP,91664091,18031
2026-07-06,전체,626433070,262149
2026-07-07,EP,97433809,17945
2026-07-07,전체,1035911941,284636
2026-07-08,EP,80455982,17621
2026-07-08,전체,959850955,278873
2026-07-09,EP,104898564,17326
2026-07-09,전체,919450372,267753
2026-07-10,EP,95638773,15725
2026-07-10,전체,744411162,236261
2026-07-11,EP,103435582,17034
2026-07-11,전체,709403555,216040
2026-07-12,EP,154542255,19125
2026-07-12,전체,1107557109,241942
2026-07-13,EP,91887164,16475
2026-07-13,전체,516010875,233448
2026-07-14,EP,61291727,16538
2026-07-14,전체,454210927,306465
2026-07-15,EP,79154364,15825
2026-07-15,전체,546253256,230081
2026-07-16,EP,58310391,14134
2026-07-16,전체,467973364,216964
2026-07-17,EP,135877836,15849
2026-07-17,전체,911153273,211629
2026-07-18,EP,85248755,16713
2026-07-18,전체,707911685,217203
2026-07-19,EP,116762436,17963
2026-07-19,전체,1030231373,224680
2026-07-20,EP,57700591,17089
2026-07-20,전체,424317384,225446
2026-07-21,EP,68022609,16737
2026-07-21,전체,619725934,235139
2026-07-22,EP,68300309,15963
2026-07-22,전체,592211191,223712
2026-07-23,EP,64061945,15929
2026-07-23,전체,551391508,219879
2026-07-24,EP,60264718,13478
2026-07-24,전체,493918209,208408
2026-07-25,EP,80128673,14225
2026-07-25,전체,629670864,199644
2026-07-26,EP,106991945,16218
2026-07-26,전체,911767565,209050
2026-07-27,EP,69352627,15291
2026-07-27,전체,543678452,212492
2026-07-28,EP,45812145,13290
2026-07-28,전체,395076545,211638
2026-07-29,EP,86782855,13089
2026-07-29,전체,499251936,206410
2026-07-30,EP,66127218,12628
2026-07-30,전체,552139855,199524
2026-07-31,EP,74646673,12343
2026-07-31,전체,556836404,197435
2026-08-01,EP,83832042,13749
2026-08-01,전체,742349837,206240
2026-08-02,EP,132374036,16451
2026-08-02,전체,910184030,208755
2026-08-03,EP,79096082,17926
2026-08-03,전체,530553107,208565
2026-08-04,EP,64878611,16789
2026-08-04,전체,758632181,240070
2026-08-05,EP,75337945,17665
2026-08-05,전체,811546960,241861
2026-08-06,EP,80125348,17157
2026-08-06,전체,778861378,235010
2026-08-07,EP,96202464,16420
2026-08-07,전체,661945638,335406
2026-08-08,EP,95204591,16953
2026-08-08,전체,678471509,266974
2026-08-09,EP,146388873,17902
2026-08-09,전체,930547790,231098
2026-08-10,EP,98715309,16680
2026-08-10,전체,588559116,236024
2026-08-11,EP,87294573,16401
2026-08-11,전체,530187700,230296
2026-08-12,EP,83943045,16284
2026-08-12,전체,669468785,223476
2026-08-13,EP,73112664,15170
2026-08-13,전체,522142116,213406
2026-08-14,EP,101957982,14480
2026-08-14,전체,750104347,206505
2026-08-15,EP,126558200,15345
2026-08-15,전체,859320880,206305
2026-08-16,EP,156414900,17862
2026-08-16,전체,947383001,225040
2026-08-17,EP,101395668,19804
2026-08-17,전체,706418859,223539
2026-08-18,EP,118773355,17967
2026-08-18,전체,649845134,223699
2026-08-19,EP,44303982,17395
2026-08-19,전체,396145511,223582
2026-08-20,EP,79129982,16995
2026-08-20,전체,435068664,227347
2026-08-21,EP,53502727,16401
2026-08-21,전체,471154536,229945
2026-08-22,EP,81901818,17231
2026-08-22,전체,669484264,219448
2026-08-23,EP,142477182,19750
2026-08-23,전체,973099314,227357
2026-08-24,EP,77127573,18199
2026-08-24,전체,518601691,224277
2026-08-25,EP,81345236,17160
2026-08-25,전체,608941028,233566
2026-08-26,EP,89299182,17468
2026-08-26,전체,576394225,227202
2026-08-27,EP,77633155,17443
2026-08-27,전체,595241864,223311
2026-08-28,EP,79931655,17179
2026-08-28,전체,675355382,220442
2026-08-29,EP,117779564,18690
2026-08-29,전체,850046618,223955
2026-08-30,EP,154148927,20612
2026-08-30,전체,1125995649,237965
2026-08-31,EP,101954609,20951
2026-08-31,전체,785430069,262079
2026-09-01,EP,150934336,20283
2026-09-01,전체,1029462038,376330
2026-09-02,EP,110005273,19454
2026-09-02,전체,868914646,313953
2026-09-03,EP,115113136,18467
2026-09-03,전체,889271523,264401
2026-09-04,EP,120576909,18126
2026-09-04,전체,790267377,251916
2026-09-05,EP,133429945,19635
2026-09-05,전체,1032911178,240609
2026-09-06,EP,193056691,22050
2026-09-06,전체,1453552310,255908
2026-09-07,EP,98778045,20718
2026-09-07,전체,676388845,259392
2026-09-08,EP,68203464,19590
2026-09-08,전체,492020755,257584
2026-09-09,EP,88122836,20522
2026-09-09,전체,733371691,257799
2026-09-10,EP,96071245,20605
2026-09-10,전체,1075984208,247987
2026-09-11,EP,86981868,19232
2026-09-11,전체,970572432,253534
2026-09-12,EP,120802891,20929
2026-09-12,전체,1184020036,250573
2026-09-13,EP,183672091,23952
2026-09-13,전체,1472460700,254136
2026-09-14,EP,92644318,21778
2026-09-14,전체,798990745,244770
2026-09-15,EP,126254918,21499
2026-09-15,전체,915509853,269701
2026-09-16,EP,120785200,20319
2026-09-16,전체,919314973,292167
2026-09-17,EP,105896736,19883
2026-09-17,전체,704176736,278996
2026-09-18,EP,113559227,18970
2026-09-18,전체,802302709,234387
2026-09-19,EP,145767964,19808
2026-09-19,전체,983523956,233002
2026-09-20,EP,188010836,22114
2026-09-20,전체,1301011265,248896
2026-09-21,EP,104832336,19689
2026-09-21,전체,518778291,235826
2026-09-22,EP,71480691,18247
2026-09-22,전체,354591664,227789
2026-09-23,EP,39995059,16159
2026-09-23,전체,294405559,212606
2026-09-24,EP,118182391,16146
2026-09-24,전체,751644164,195443
2026-09-25,EP,127809118,17190
2026-09-25,전체,801207836,203804
2026-09-26,EP,177333964,21364
2026-09-26,전체,1199112909,243041
2026-09-27,EP,235687782,25044
2026-09-27,전체,1519110436,266336
2026-09-28,EP,126629391,24085
2026-09-28,전체,722547955,254714
2026-09-29,EP,74758200,22263
2026-09-29,전체,614227890,258686
2026-09-30,EP,90522955,21357
2026-09-30,전체,645019755,257717
2026-10-01,EP,109593836,23134
2026-10-01,전체,898185865,262611
2026-10-02,EP,115157755,20231
2026-10-02,전체,929691047,253200
2026-10-03,EP,215109091,22424
2026-10-03,전체,1442388487,252450
2026-10-04,EP,246213945,24360
2026-10-04,전체,1482092994,268602
2026-10-05,EP,243963773,27390
2026-10-05,전체,1848563300,283530
